Title,Company,Link
Senior Full Stack Developer,Ace Software Consulting Inc.,https://ca.indeed.com/pagead/clk?mo=r&ad=-6NYlbfkN0BkAEcZ2xmTVuqrjW1SvJB0AVmVlij-7r8yI_Mbg-wRomYTohnZhVqMxXnqheVjnqPHxSi5Z66BQJbJ_fBkqWBjAWh1aL6IlB9bnO1x-0bSU8XH7-E_LGMkYT20qquYK96CWtH8dh8gZvsXkbXKw-t0Z8_UWecExT0co9LR7oWUyRlbwqUSxg4QPMYwtLLgID8AqQfYoFROsK3WQSM_9FzkEER4LFEj_365g45FeGmrfn4Sjh1ls9vKPM_Jyy4X7i_kae9aRTKzZtYlaZyt765yQrJewYHLUUgbww3I2zWaSxFGfDd3uO4JGTs5GuxksbXjwnVs62U7LWB0W8sJjJJp0ib9CfKM5179p6Ei29wz8oTaMQcSwFHiTBRsF_CuJHaA9gtSfybrtGhe42TFzbGhAyIl7ZaScrp4qvs-Ie33HBZ3AlOoiv_GA45XjoncJIg1mS_kTuRT1zEqpwPFL46lK-82Jv_9BARsqBEMuMyKUHGCtJVOkqEFXDCy1j3WvxjY6-iB66WinJdWtC3W76wVXlIR0riRGYDbCrGZpqZspGFs7X6ZiYrhihg2pWjfM_g1RZnw5iu-uxaiQriW1to7bTyWnmxqRvlYGPlyD5CyK7S42Cv8GKdl49VA1ZeBClmbrqTIbL6BRgfJ6VlogLpRyzg66RuvpwFTsuQ_QnefrnbChchjyEEbwWNKHrj09ZI7ntIkM1YTGDIfh-fL8-Sm&xkcb=SoB86_M3puv0wsyMbJ0KbzkdCdPP&camk=UoKtGZLa3XLQ1XyfCNLxcg==&p=0&fvj=0&vjs=3
Vision Software Developer II - Applications & Algorithms,LMI Technologies,https://ca.indeed.com/pagead/clk?mo=r&ad=-6NYlbfkN0DVyFvn6KNrme0qWK4PNhlu3RlnHL78IF6EgpbnUMzpFaEdfNrZtp38HfMwKMFMMk9_4hbLTbKlz2C40QlPxz-z9CQ_q-Fz9ec92cFrjxUvHOzIMwZGkfmbwjoxvYIp20m418PiXzCXah84L7tH5DcQWjk1BXVPp8NZMlE747DJ1wrSZzPMr57UzqeS2G5eTCeYLNu811r6tvmfdU3LehH3Z9FsP0wVeHlhKM8hrbjzsHaA_hPdSFMWMpSVD3TInn6LsjxX_CPN-T13dT9-LlE-lW-mzkxKz-puLrBuBKHx2W62WeycHo8dujGYB1wOUH4ni1c_1VhZmCVGCSGwK79W0fo6YkF7dOfvYt9cWvOMfYAyLqoEyYbpkvietZ6Kf084uaVoZik7b1QGrgGtb6lUFQRz6wq7tZ6mMtldS1Tls5n1qLVYrjArzZyGFy5lgoGj5kbFvNAjykTjdbOaSqR0Dv8JSObIs1vwxu8CNTg1pIw81t0Fq7LELaK8nHQ_zchpWoV7R87Xt-kHEPQCAgcrAQc15y-k_IKBXIBFV2gkdrhlyisWC5nhB-XB3WVJaBJBrtTVLZ7VZ60g8VOfuA_srtm_M0cQ6dBF-SgxOdlkpgHXXz7vxFA-kVbTeTCHydpG9rp7YO-a9PlFBLAj017gVMV2l92jaeEsvFFlcdl2781aV2IiEjlSFi9iWZCWCaqyt-gz9iuhsxL75cpeGersO3Jxn2-DwRB5veIabbuBvHzUJ8vMi3pxAYhmade0Ct_j9J4wXPwas-UhU8tmkB5uauaXF_Ah1u6-SDOzA7Q-pni6nuZ6Q3pHw4DfDkz5lgo=&xkcb=SoDh6_M3puv0wsyMbJ0JbzkdCdPP&camk=ethIe0s0heeFR86g9RvtZA==&p=1&fvj=0&vjs=3
Principle Data Scientist,AutoTrader.ca,https://ca.indeed.com/pagead/clk?mo=r&ad=-6NYlbfkN0BlgGQq54RhTRbtNOtgf4q8ADJ3rNd1t7LC5bhoOEgeTFGfhBnyfPTSAXEKafSoqgvPE5G1f4gZXnUbVwYg8DtNrXb6tu0EGX7JiUT-fH31GJsZEeWcToIT5Mu2HulDXhW6PCXUD2NIay9HFfhT5dHEZLagjey4GAXsMv9_a9fK0t7O4288-QDlQFfk9m63d8OKSBL0hn_z1riU86NOp9HaKi5T-k0lvEOSkT2zOTgVxFV1jwFj-ZQosVTUBpp119vH7-MKrGhvgH2xdmmIt71Qn0ExodFHvboqwcQ5wSWZODO0IELeso7WnqpLYM-dQMK-I-Fq5CvMvewpoMVCQq9ysxB0jCOe2p8ZH9BFsheYlPyiWHxYNSCubp_C3EfBhws02GXDb9GRF124iyFF0xlj9L0ai5Ggz2M1S45Skx1FHE0Oq61Fh-Gh4lmWVkoGkWiEGkyvsG79c6ex0LRT0nGndhDt0IEaUIe1h0_lK5iCL3jqopjtNhNC3vxtfqHio5AhLGTrWuAGtg6FFPCKl7dmwrLvKU3eEbnF4Gy9biTp8c7nZ9vj6NG9cQH7wIsKth7ynvsWNnmPogBZcHj09tTeMxRjOhAPx0M=&xkcb=SoBV6_M3puv0wsyMbJ0IbzkdCdPP&camk=UoKtGZLa3XI9vlCkUbQcWA==&p=2&fvj=0&vjs=3
Data Science & Optimization Intern,Pason Systems Corp,https://ca.indeed.com/pagead/clk?mo=r&ad=-6NYlbfkN0AcRl5JMWPsAxVU8lEwgLtRgG9_4KCpd-nYi6XARvcRxpGMEa2WQdWt1jRQ1lG81UxLfcokk8I83Bsi9lIR4yc7FBsxt3KUJj3QeW3tL-m6fxiNJknI8aKqmtHKcVx8cqFi04OyZ2td4u6z117hhdy0jK2_06UrWBeIpxgzpECZudphFHrZR2_mFQ2_kSBpObzY1tr_9LSRqRZiMPpiMl8zd626ukueVyIdKMEhvxQZcap6Nk7rcNbZQAqOnEO7cwHjb2jduliHiH3IDThwrRZn0CxtOzIVakhZYFJNU9KL78awYCG_lzuTQCqxrfb6Hki0SrH6ICWDiCfVz2PV8UKSuG51uqZKg5AqF-uVNgoi62I8QqL2XPXP766jZYedWAXpIvIFqmwbVwTJuKgk7Jav-TbRkFOBEGUl9AXnsiLGmHFwljynZ3zi1haGMWSn3cbIlcrNlBpG-DP3mPYbfZ4eT3nqiDVzy-COztkpgtxVhMO7VmUzhKLKxQMmk2UBS8xuce_xlEbfn_zUk9p7mkbRpBc9ZSUlIv9QhJRTr8oQOT6ZKnzLdJ7Ttl57BrNWfr4V46NWqrAdk6nhP9K9kS0XPhs3glTwx04KSDsybu9HvYPEQS1Pdoo75_MEBFlBWP-PwsoKuperCdGEu6QeU2PEOM-UAqFfMVbp1poLab-zUUAreKyE-xD5G-CiHhTt-WL57wjXGlRogTlwkjs2QOaCXUtF9xwqxFeLQMzPQworRbY7sHAS2juW8zHrJ4URBaUHuxFSU_z7YhZH7ICGD_zXggSXXWue8XZqZIqfrjOFjZMIViOGVRIB9UN_5soZRlKXjpafjJ7FEvKuaTDFFDwyObq52DeW1BcCSNNjktRjuLPUilMa0Ao19iLQY86vQZiWFdhyh9q1-g==&xkcb=SoDb6_M3puv0wsyMbJ0PbzkdCdPP&camk=xqnMBGaf-K96qJUg0Ddi6A==&p=3&fvj=0&vjs=3
Software Architect,DocuPet,https://ca.indeed.com/pagead/clk?mo=r&ad=-6NYlbfkN0C5tYKOF7UACUZOPdMjPQGgbcOZz4RZcw-x04BV0B0k-cqNZMGBCDsa1j2w_7XJ0D1xKpj5kx8Urx5oHk7Uk-Ii_7Zwx-zgiLesIIhnNfSMxg_75Cd5s6UvfAotclYaLNm9-7Bxjt7z_R0E-8YEcAqBjFsL3htY6r0zhIEqAKzZjpOBKXIaJy279JvFn0ZYl8Am9VLChnrokbhiJzWaLCvIM4HGvF6SGyqr5uW0PKavRulWpAxgXnTF9P6uKKYisSKmmH5GOYHZoJpgOR19wXu-y8bl42cvZK2_SvjH8V7s5DYsG2nsdh0JKOQxH1I3gFlKcXp6UffSrcAxXaflg0myw_WJgoFXOafYLZl6s_sVdyvKGoR-rqT_pDKUgcCWw9YbN8_bawwmwdDZKZbamH9xqyZQaSX2OIddtd0H1OkVpWzuy-vs4Jsp3oLA6K5KCuUv-4xRgPyUYbw2arvjrk3dJYIQa2iRwrKJaQG3g0rhyJZOml0jfgh0QEniRnqEsctl4JbWsZErl-tUSjyAs2ed5M6og--FgH0FvVhpdLRL2nBxhZimvyOPkunM4PkKpffgEJozrFUC3-6hK26VbVh8kj4UEm0ZVMeiIJYqVFH15CE11o6JAN4gC3XjBaSzr9D1qpRBS9n1AgJtuBugVnkR26sZc6guQGI=&xkcb=SoBv6_M3puv0wsyMbJ0ObzkdCdPP&camk=ethIe0s0hedg6pcbEbIn4A==&p=4&fvj=0&vjs=3
Software Architect,DocuPet,https://ca.indeed.com/viewjob?jk=789abcdef0123456
Mobile Application Developer,WeVend,https://ca.indeed.com/pagead/clk?mo=r&ad=-6NYlbfkN0DSAzMoczGrq7NQ-F_tad8fNpV53-TMW7zTmb0nojeFwsKgSfvM2oxSWLe8M5UnXmC2lVwxt9TVQGYZ8yE6tXrX8bujkgQG6OcH_b3JTagjWZ5wmyPh_Pf2SphsgK0eJuZub_RGqRaabro24xaAUf4TIXbgXaQQytQOwk8aL-16QTNVpMCP_loQ3XpEsLH89aqwbC2zflGdjHaE4kgrKQ2RfZL6WSmQUC9k56IhbFe0gRaAxNH1BpvuvRApZ7qOuB0W_RmTzi6O3w2onDxyJWPyXpPB78Q_p_B1eVulrLgtQqhc3G6e-fgwp78npWUrX3wzL5IKSD-VMSbZNjMkAURWh44t9655dRtR34LQ16nP2_fGAHuBoOqTc-dd-kIk2FzZXrg3lbMrIWuCnUs8A7C4kqwuTcSOI0a79RRTeHvFr5JbxQUSoPiY5EzkshTUCAL9kK2Qy9_9hIejD_TMA2HBlFqM6_5Suk98wi1FdqN_yXt35YWGLNO5I3oN6IiUz1kJx4KNChI14GSlNYw2qOUPOcKhpMAUE-nG3upBfL9kHt33gIoGYep8D9F8H9HwCNEaZpKjM-7eBg7ZQ_c3mDCdagOQmxsKOxZ27bEc0E6Ms6bLu9mKX9V6-Ck0cWHkkKzwFdfnCsF4rcBozhlh_6j_I_6gqEhAR6zf3GR3BTdUdlHgUW7uRXeeS-RVAETF0L4=&xkcb=SoDy6_M3puv0wsyMbJ0NbzkdCdPP&camk=UoKtGZLa3XKSq8NcdfHHCA==&p=5&fvj=0&vjs=3
Tekla Extensions Developer,Stubbe s Workforce Inc,https://ca.indeed.com/pagead/clk?mo=r&ad=-6NYlbfkN0BFRiYxgNpsJAgX1vttem1RMdkz_8xfSFUgJjQl5YD82VxR_h9rBdAg-HD8DNbtgG3daUylRLBYYq_LY2YKLaAPdXghqspRVdHPSGPCNpjW6E17VxhLHy9ZeDd8oB6q1HiLVf2aaJBSIkV1vURlVCmMLQr-mnlhQI2YE8kWPAf-KIlVSZgV-A05qT0F4_AqS8IS775mu3nbCrZhutwLtACySbtDZps1xNjQlkjkJTSozyDnStbRN64VuwnbIn_G3Wf6gfwC4x5MwxseiJLmpmgEhr4M9fqBzQ8Ug344M6-wSM_2Jb0uLIZR2nDLE4X5PGk0ekK1hx0DHKxfGhe7qYttHUudPVpg4D_JDz08c6b-vrzGyA4nUSXQTamzrp4KPTm76sA9MjPVsvSnC_cLZNwJXwlr074OBlZrAtpT1QrGwD06V1XFdPhDbVXddwJbb2Aje2gxC4fD3C9a1gJWahSdfPF2pSyPQP-7MPP1lZROxFyYx67wnWvN2Y9lKx6mSqh8dlR-VwhQT_F3t59WTtgct9khBQfG9-ed4Ro4Jxs0ukPreihIrsf_rFglmANz1EQ1R8hioCWXZz74TQwobA61Ybq7K1HnkADvoUtA0NsRGUNBIRzGTh1sI_0wdP_pMMkNRHJsrHwDKoaoyHsA5UZcgWQdvqRN4yXe2lEbZD1xe_FgZQmKwBVz8LYiqU3WT74o2ufiCTXjmTMExMHW2bgqTVUM_NOCW-oK2GZ-LtdybHZz9OTG3UD4T039ELiQ-NtBFEM8kgFwE50NxNqvjlPv8iARVB5zn3S_ARQncOU76hPpvPKeGu7Q82yVIrKMfzqbsNAIMwhXaV091VDzmVwM13YbclZBvOOQX1LDTszVU1vObfrgqgvc5ed4DeiA2QaK3oDwerYTNUl0bS0OIMSeHdwiDidlQi8=&xkcb=SoBG6_M3puv0wsyMbJ0MbzkdCdPP&camk=nUmJqO2E8rhPx9BlzadWVA==&p=6&fvj=0&vjs=3
Oracle HCM Fusion Cloud Specialist- 12 months Contract,Chartwell Retirement Residences,https://ca.indeed.com/pagead/clk?mo=r&ad=-6NYlbfkN0B--hWkfVDVYuSqjON_S1xFF_wyPd3wu7CWfUE2zDaCBuH0lGbccrvmQ0GyvdIYpN-tLvbStWx-tEVb4VzODQ6Fwvdhe_5txOEeVU4ShzYIdVxSWr1Jogjr3NH96J5ODsK0r4YUvLWU1c4lvETph5dIBG1K2qn0ji5ztT1oORTVZya0D_wwQyFYu1mFPB0bAeXEti6bRhaYFWVB779EjyJQNIDQdFdDQu9rXc3B57J0yt2EMm5LuhAPAeIT7_YFKWhWPB2_xidMMAtTfxmEBvJlrJ0CHrrVNix9QciA855NgqB57QgSJdI1z6tOsVjXxbaP7IB71WaCxG5AQnOSVVxa2r-BDp_Cq8G0NSJO4gJCF49c3pP9fv-H8FsJRMH9TYSl24V8XDBCW2JCdK5UhSxdNEeAtfcEgfuCn6SwMjvEqbKx0JZrkaZdKAb17VXsnlW_s213d2jbFJDMSuiYbFNJKnMuo27Rm2L6RfuvNbKjaj42JpNgq4TkmBfXWqnefjPh5XqTwQEieSW4SKSGVbpcxchdBhQcurum_Eh-2pcZyFIzWnULvMyv7wRXGtMelZiZQ0pc0gC8nSEAt5E6H21QL_v6ohEgrxhEJ3zEiY15Ir_AG9zC8KKY97bmkQQ4g3NqbbWhMDKpwKL9GUyYCrrJuZtbpAhboKIDOcuRpLYvCjyBBbgvzkdRmlUzUqbL4gLVq0U_mbPQJFBYLXHSBdLl&xkcb=SoCv6_M3puv0wsyMbJ0DbzkdCdPP&camk=UoKtGZLa3XKa4he_p9ervA==&p=7&fvj=0&vjs=3
Senior Ceph Storage Engineer,GoDaddy,https://ca.indeed.com/pagead/clk?mo=r&ad=-6NYlbfkN0CqfVhBzWxdL3SHOcfI6NimNiHupAw8V9la0d-Ln_fefGs2kOkAk5B6OpAWWN0Jnz4oGUH9syLP2fKwHPtcU4kJwn19vYeOZKH7LS89alIiOZxG2ss9oK9a9miP81lNE8C73rxnSi3oBC2JDSHTvga9jiR4xoVeEp0INeb2gDlsp4-X6iaF_6H4faH1hUyrzlH4T0AlNs40qePnMZQWjmJzkMrbgiuX0yZRrwFz9Xz4E3UZE3ThJjz21VbDL8_butWqZfZiF3-RZpjpRpGl9cSDhFi2iLksYINrbSCn2iuwbR9VsmU682fZ7II9J5otTGzgm-3bS9RrFT62hTc_coVR4WX7qTbfpYrowoQ-zmL5piFzjp3MpLQecVci-R0FBT0iuxaAAUjLmGwJVPGsi9XeAuYvPHWEulEPSUMsteGwyGvLiiAh78SsQCoqc8-RUpAWRnfcamU48Iis2go6iesagoyO9utHK-ufMdZFYxh4On5lIu3wEOb6yfNIJmuBg6jwpAEBvmpblJtg_QfT3SmmYIp5wM1n4Ipk0p8u5CegM0lZC9xs1zEhPJvEziKsw7rAxA5SDwIgoMorIEzuR400vKugmTIxj9P7q4ZJIYdqrsqNkHdmfbgbU1cxO54x31wCFAYoBXYnxA==&xkcb=SoAb6_M3puv0wsyMbJ0CbzkdCdPP&camk=UoKtGZLa3XJ22UrrPikR5A==&p=8&fvj=0&vjs=3
Unreal Engine - Senior C++ Developer,Humanitas Solutions,https://ca.indeed.com/pagead/clk?mo=r&ad=-6NYlbfkN0DbCETdyIv9f5aclHIbOxK0GZp8_elFnnRVJjakhPEqrpcu1ECKBpZlYusYR8VSF7X-TMepuMuo8SN9f2a13_sECXSjuBAlJ01CsO1wWWkHUt1nZUo-8HD9tiGF7NLk6RMJzyZR8vIOXM_8X__f_2exIUPHfk5UGs2bFKdTgfGve6dJ8hQ214uElSVpWxCsyw1VLdEZbHKQ5Gh7T2dY-PbafHY3W5HuEbWMpYm7GJu04MH-aUb8ElPITyDY0WR9qBDSqTv6XnG-13p_ug3caT5E0WXEif1zvnfsXhy_GclgL4a8rt0q2ErrHyVJjkwN8Tya4K9hmyEciyqZjapNPocRMcfw12d0Nmp3PTzNpc8mbpnQZpdQkoAQvMyiYgnJniBAa2qVNM5JuFCACoYFUusnDJBQFHmmCsGdf9YiFIKSs4NVceQyieROGdPbMdmMGqMrJYPUdRgCiDnvTUzo9BaRLs70T6OW43Zuzneh20cxwusEsJoVyJ1Ov3ikToV3qhyuaNZDUwLF5F7J2njYpXHAs7VBGYBvsKn97AM81h8_JHv5oM4kXBNXEaEwcFLrWSaPNa68Fld9E9wSKRLmuR6v-4R_uTfix42UZQaEVXDcAMqfDZHKHTMl_UHCXnFvC0RcTtPUNpKNS16sOiWwoaeMRKB6ZUYG5iVtq774qqE-skm_JDVOiTGA&xkcb=SoCG6_M3puv0wsyMbJ0BbzkdCdPP&camk=H-lBaXMUocJ0x5rXE57vqA==&p=9&fvj=0&vjs=3
Salesforce Commerce Cloud Developer,Eminence Organic Skin Care,https://ca.indeed.com/pagead/clk?mo=r&ad=-6NYlbfkN0BadlywUQT2VptN27rMPjoehhHInhiprURoxuuqfZSoxuyT7IjSL464PUAu7vBN9gSWSmag-utFCyEHm11Sn4MBFidzCGEe8fJCsR4fGCNbLfKzxDzdLCKrjS0FYsBmYFZh6ChAgTS-GZtLk1N87EGqN8SRqAcVlt5AL5lHSAr_LDJnebHKB3zHAULaW3CIEhztuNGiQqkax_psNA37vF1h7LpfYNC4RA35TgiIFgKhCY6LYLQpoHp0rSnGMYvhPblBCv0HiG1seD_At5ojMnKKWwUSAooYF42Rsav9n1wLI-ppp6UtHJKlJg5NHEb8N8eITAfEdhqHVsLtAXSBdy6HaWT7NLG_g0TUVF8gxxyLn6gZiyz4vO4wNS2APaWJI9W2XusNHn4nkmAbWX0fecFbimxMPjxRkc8RFFHX6geGdFHSM2oG-ZXKYLwm5FLnW7y2-YitqRwQL2nKDK90LjChrvw4uhljXDWTxv8iba0ZUOTvTFDDXeKfEn50ziiPYj633ypSEcCft8qFPDf6ja9hFUGFLezbpxq7iYD3n-wK4AptOE797qcUA7oFQ61N7eUeFsMWc4K2RfhUIHMJT2IFL4E9pgqsw3Q8mOq4TJ_EAvRK3GPONoFXD7CJ8qrbIRYlyNGLa0di1kjALTWemQuRR1QgXvg_fu-5Z1G2L0vJMpdnl-8Vjkp2uCuucl_P2uP3KfIO7JwE-Jpzy1J6974_NA6COdx30fVFdq91yVDRLw==&xkcb=SoAy6_M3puv0wsyMbJ0AbzkdCdPP&camk=CPChkbYSGj9QayLiIV3BrQ==&p=10&fvj=0&vjs=3
Gen AI Tech Lead Engineer - Vice President,Citi,https://ca.indeed.com/pagead/clk?mo=r&ad=-6NYlbfkN0B7UYL49yWBrrOlEWIsfJu1HwdoffaEv3MPqVgUrdyA2mtG2kyCvozLAsc4_zj8S6KYGOavVQ4nDbKDCTlTnYYZR-I0vp_oKfdRkhUIyS4c1Q7lJ1HxaEJbaDzzkeoIZVLlnO6gecKI6GqviRP0JIpLEkcuTNYS-SUe5KTwne024ig6qsl-hTpRg2prqS9v1NN5hmdWOb8HST0bVGeNf7bgJAkZdaNyy_FQt3D0-nRXq_euKnwX1GacqdWLzd0YnCn0Dm3GfCIwi7lXHrDnMbcfmR9gw6lv1gTW55XelyIgO1i-2Or5m_74dEAUNhRHcwSW0cHKaK4gRIP28FAnPD3coSUtkOiZwQ_RpvqMnqcZ0hVWBjr7d_teP88KIPwzY7LWfZbvIkozVcr55REvhhZyw1SVhUfuXeP-smVyNIgdKqyeCVFll_1Go1TEt9okofhEkDsjqOM6ep96gl-EwVsqpnQ8NLAuf1g-SYKi1wzmWM9lhUpI54wgz_8J0T-q4k0lrJgXqA0a-jHKjjV6Tne5qz84itsmc2-I6ipmRsyDzuTeiLlaVzjp47chj8AiJUHCSDJ-0fNwtqWALzE6FKeoUwP8L7ZX99bZYmCBQg_Jt8BNoCLkKYAMWHzhzcSLWHlY4LAN-kXzWVwSm9uO_eAoiT8p3r6p_SZ820gYp8d65x2NnWlxbqwnjJMkta6AVzxQzVJ4f-_URRGWh4Uh0_iX8aNvRftAR74zWw9Vh06soQlbDiOhnYM5Ad_FnsD9JpOaVKsSAY_J_nA2SGnyk6Ca5X8gl7o7q84qnf2mGqcsPKnNT4evg_UU-QyEvo3jLcg=&xkcb=SoC86_M3puv0wsyMbJ0HbzkdCdPP&camk=ethIe0s0hecJpMrJ8_hlJw==&p=11&fvj=0&vjs=3
Senior Cybersecurity Engineer- Offensive,CAAT Pension Plan,https://ca.indeed.com/pagead/clk?mo=r&ad=-6NYlbfkN0CewE_8lmkeAxjgp_xvhEClYq_JyADRjZrC1x-IgNzPz51gw_n1tWr9CXWw6124-fOCaZUmdGJwvF1MMkkZAEqEIyk4k8z32YC8p42IeS7607fsOPxhEUVt2w7ViYClQCrPHCYHXx66lg3O4ks8TfFT_jxRMqUH-oAvcF36_mbnN6Vxf1Nw6FM-aI1bxEcV81OIbPW_fF29Fc5vGHbFLH_0OI2HagoFVzBWjW89PWF4y75mKQH8tfnm06FIG1Z0xREEV5szBvwj5-6Isxwwa9Fu6egu-UOY6yIO7LrE0tXMvMjRTpx8QQ3C7VIoc0IWgHYn08HSoU-B7-KcszRf0XXdUMHPXXRZ7iEnsO4JyS0ScGO8yBw0ufStNoDjbLlVkuhdy3ftQ2cWW8u4lNehFVvu6cXBPHxwqOmw_t3BxApL3toSL67QpPrChZmYZ0zo0fkBxn-Tmt50yj3ExCzgt2LP1Rd96x6xErZMcfYnIqzgyuHHKQjz7w5z0taVPJajnGWEedpqHOBhxkUKNi_DeZeoy2_APYidD3fIcbwZoclDvcG4dzVbUjQ-8NE7vaVnqFowhREPMLrtRpbGMrvuum2q9Xk1MiHfeu4NAeVPB7bRsRQAwBxjsCITwgu9RF4ZbmADI0Pk6nd5Chb3Cq2v8j7rXIUPYjJWWLVmKV_KLit9gC4PJjW7uAdhPx-IMWNmDoK1N5TXjRugKyZuDuYyLn5R954KRlINsRtJZclHuMPMjoEwYBv959dw&xkcb=SoAI6_M3puv0wsyMbJ0GbzkdCdPP&camk=ethIe0s0hedBIZCKzyfo-g==&p=12&fvj=0&vjs=3
Senior Systems Engineer - Distribution Centre,Columbia Sportswear Company,https://ca.indeed.com/pagead/clk?mo=r&ad=-6NYlbfkN0A-bAUCKSMPlAbvy0R5FtazZp4IewAcHcRaVx0cOSx8G9W0YhtFIF14LBbFlKtVLZx0C0iTFQ_0AlVJhqivO7WPkRmZpUFtCCkk3iu7wfxROWrxsMfa-1F6kKHTx-KN6X2Hys9u7yNttFjxjelXVfx7k0J2wIMTB8q2tuqgP3hpzpfpwfgOe07CMwu0pCHtmCK5gRERm-V3PON_RzaAl5HpeN4ZOtbUIDWh94k-5WMvwQ1_bUiVodF-YCEzlWcLdECexVZhRQ6OvCPUeVCQhJ2aTc5j-qwhHwbv_vzQShIwhWwZrt-nQCCcObwm-Q-P8iAO4tlwKZGgMYyMQ9NHwXRoxTe6T1H1Mz3dUerWd8BymNC0LviOlf1ItZcbDH1ysW-Kc9XkpbPoyVJdAsWUCoI3fx9KDN2agwDsA7s9lsxPpaJikYa9Hqyceq34AccXtXDTyLmMx8-c7CNg7c8wUw-82Zdaf7Z1meJ4EdagmgOpJtzFrn7u3xG5yP3MtP0xMuKtTlLtguAGY1jQPXP1d5q3MtXjtccqKDhhU-PG82SIfH6hzRnmf8CxN1Iz8oiXlvGhRXsGklJLXNXcV8rKvAIYHWts2Y1v9pZfSWT6RRfsqkMb7jKsKodUQQFR02R38P6mIrmLeGFt1BOWtu4BxNDlgKxdrczffdBaN08QQJMLlXOiJTxnwh9g0fM_E7n_9_er9swM98iRcau5n7iilN7Y49V8es9JE5DK7CNH7pt2U5TCYCPSo4LdDMId6a9r6FlC6uMSNcZeD46BiygETmZG&xkcb=SoCV6_M3puv0wsyMbJ0FbzkdCdPP&camk=nUmJqO2E8rjp6is2qy4i9A==&p=13&fvj=0&vjs=3
Gen AI Tech Engineering Senior Lead - Senior Vice President,Citi,https://ca.indeed.com/pagead/clk?mo=r&ad=-6NYlbfkN0B7UYL49yWBrrOlEWIsfJu1HwdoffaEv3MPqVgUrdyA2mtG2kyCvozLAsc4_zj8S6KYGOavVQ4nDSufdQJfK7Dq45BrSSxmtr_TiP3t3wxngebLFsxwezAd1kOByYx4Yizk2lNP9d63m2IHMshDZ0SS_ODx2rtq9-xLnv_EUnUWpj8BW34gXzvK5S9TSNbCrbTN8vXMghAf1Diw0YqGxOiCGHjvhL6zh0a-793lkv8L0MUOrr6tpK6nuvvly53iHS3L5ukBZO8bV2izqkI2zku113gyqZnGI9N9jdMFc4iYrmLsMs7BWJgrAU5A0_xOFQTJovKmepw5m48mnEd3NRBUFK02s3WJ4NknV6iY5U947kZk4cv9LL0WZFMjEpd21lCDHg4iWuCYCl1syCyF-eM6noCj7deMdltVcWvYzpHVlb1AYkogNeeKYMkF8QQzReYt1OB3v-yweF1EQtAkE9HNARLGvRY9_8xXDPZXpaKl8l7P5hgvoah0k2Su4hbvagVceDMF51-PBNml2e4xbWVEczp9XIWWaS0zAiGv9U1od5yDT4S6FgiL3-Fjxm6bf3oki9PjN5Gye8h_hlKTsiGobhOv9mQJmCdK9ULwBXh9808gG-znv691lAfY3cCheNjAaIeIt4pG8PbinbLraYVGnEywra-TzeOsFSd1YhNUYfxnnseIvbRAuRSMl_wq1YvWo37H_Q4jsfEb2huhwz7fY6Nq0W2vf62Lx45Ue4gV1JNB-uoPuI2JIyO85ZHprl2VOZzX9Vi_05JP97Y_wDJzeyjaTRir7FbWbVjkuXsyA8e96wkYnJIXQoQN-OIcAmo=&xkcb=SoAh6_M3puv0wsyMbJ0EbzkdCdPP&camk=ethIe0s0hecJpMrJ8_hlJw==&p=14&fvj=0&vjs=3
Wireless DSP Software Developer,Skycope C-UAS Technologies Inc,https://ca.indeed.com/pagead/clk?mo=r&ad=-6NYlbfkN0A7000hUPCMxGwW2vqsju70Hf0EmrA2m_tK6c2VLeUIj83BKDxPVwEaTcqH4cVtxVW67M7Ik8x9X9226pN2roPaQRvaMj7cK9iB9KxwZVHWmunIqdp934BxHtD5ZglaEkFuwHLzKXgeR1r9fgjCWJ0LJWl9JT03sa_7c7-tOsmZpxGNe6j5vZBS60u_xEh7EW-Rnhw_qsFGJ5lbYKrx8Vmdf2Vn9k4JUZWthvIKxght2xK3cZXrGaHH-jCIyRLBp4_tFhPJv9quJC-Tf9KBkD3-RtpoYtuBC8MyWb02R7iROal52t2YZv0rIfEcxCFmRpn4rmXqeQ0Emv_tqIOvxTG7Cg1tjcuavY8emTNqYR4Gj1GbhoyLaESABya36anmzjVbwt3cT1qbNxCNxRHanMxF1KCcpZ1G9AFISxmCwH_eUAZ_JlU0pKlS4MvFLPyWYvcRQ2TmbeRozi9IAa4n8TdeeTz-JBYuoCfr7mnP18KblWITG5Gi5V-rocOui8OT44v4qvjFiuG356DfLNnHN6yNxpR_PV0AfmAv942BnfUXlR60zUCP_BnKcOYBOQj7wiPdnsvW6k-1jckQIR3kWypnWRBcw-335OYRb-eomK_ymwS2kXHXDTN_24ws6wALoB-WUyyaucbHI79gNeuKB0xu7ywAH_1VaacrvBkWsJNGS8dEHyEoJ98RCPcsqE_KbSbSWCyNMZ_jmA==&xkcb=SoC66_M3pvahBMSJaB0LbzkdCdPP&camk=ethIe0s0heeCbmzyruNrvA==&p=0&fvj=0&vjs=3
Senior Full-Stack Software Engineer,Skycope Technologies Inc,https://ca.indeed.com/pagead/clk?mo=r&ad=-6NYlbfkN0A7000hUPCMxGwW2vqsju70Hf0EmrA2m_tK6c2VLeUIj3XPtMixHadkxVLNw0Wk13O66SJcmed2u1zwcBBkKPpGEr3xtNYOUX4LqQQxMvzrZyx3DnNKnzSq_LBtvUwfwOZNXx_BcJlzxZ4abQaxseW7rIgQ0W85QIpbhWcb0M65FEviwJPKgXH02G0tQZxztLtj6FktuWmpIDIz2cFBwf1JL32Put2fUxDFW1Mrko_1LCq5CYqnJ_1GceHWOwFaGqRVfegNh64fCFJgxVsoRcX_ET-LhOIZmwQcSzYzdA9rzJuw7ht_F9ehWJc5ECTPYJ478BghVApkHCRlChuuhpgJYxOXq1jTSRDlQJ0ZShabgyQxgBFcxQP0LASEwxWxmh5ZIx9CMV4CLJiNR4QReXuFYYG6sbkhuXLwckbQvIZXOBQ8pjOCOFKmqx6E1LltqJS5C5ZdHIScNk1tIaL93_xjsBCFvVduu4ai4LTFH1y4lliq5lIiE6ls6aGu9Uviq-j75Bd78Wg3auqK0v199ebGgT-r2CtV2RUjhON2Q852a_DMqKs3sSbrW9GprK1UbpWmQrgh4TR-o_HHwk-1i6EuQZcJF4w7gRuo97a3PuFlgkjmjV61A-kWgYWJvwj0dJLk5r9O_KS5QHAjhItG4ugAFROEjhqYpAdfbr1Teg7mlhJ8WPH4r0UXmGftEwgwG5qsDKr5vjd3Pe7Qwp6nzquV&xkcb=SoAO6_M3pvahBMSJaB0KbzkdCdPP&camk=ethIe0s0hecrYRjWKDJWlw==&p=1&fvj=0&vjs=3
Product Lead - Software Developer - PHARMACY / PRESCRIBER,OkRx,https://ca.indeed.com/pagead/clk?mo=r&ad=-6NYlbfkN0CXNMl0v1KEOQ_wkxArYlwkZmpt6Lm1k9ePWuOi0NvT5n6uvxDjAqr_0PhGJOk_ZUC66fQ6p7oFu7phiwu1d1fj_eYNSjhQ9ZQ53-MjLhTN5txTFEXxZ7LCStJItkm4PIwdXqR0VdlAmHcm9-iJoeL8kpuJFKguKcQ6sEWPYDRhO8MLDsQJk4MHR_u63t9J4ZtMr0gB8CmFqGhFA5weRxdXCdV03a1-aDK0ucqKppcu3ZsXOezhXP2xmgtYnJMKYVvX001QqzpR8YIE8SbTy3i-2Uz8zghYGdIhki99EZZ6V5f2eJ5Lddg4FUhqe-Zvvf_Yhdg-DqaU3q52cgxi5hxqOeb6qRi-somODbtV70hMNgkfhjj9uszJUmaxkH1US6g3X93zzvSt8iIEkAxmesnZ2dE-Y1A2tU9V2mlS8s-luLQy-ehSOkuaglkUF8iIFKwwiHU6pfOdLhaq_uwRIQ4kKiKW4R1HXN5a7b2H4JSF8Ao_oob5V_mJSIPZzDRaB27FajtL3UQ2tEvuOIvxKyjzkX7EZfAWZe3CsdK0fnQirFaHs2lUnVUgULAmLeJZg-G4Sx6Eu0DGxhIomqI3g-XwEGKj9BUCpJOpOgDhocvq98wqbq14TPojR25sU6asknseCvszKHOLs9Pbnyz1ybiSaRUTB4tcINxFFyvpHhkZW_5ht8Wgk-wz_yGEUVJ5NmxS4-euRBnDx-gr4nZwQuiQsamLpW9s0ZOAGY4Sy-tjDYbIqUtBHnwqEJhiwuyKV0I=&xkcb=SoCT6_M3pvahBMSJaB0JbzkdCdPP&camk=UoKtGZLa3XKbbFYG-uxiyg==&p=2&fvj=0&vjs=3
Contract HTML5 Game Developer (Phaser.js / JavaScript / PHP),Center for the Unification of Science and...,https://ca.indeed.com/pagead/clk?mo=r&ad=-6NYlbfkN0AmWfRz_xmRG2qTTOAlQzWpi5WM4MdazC7Fp3X4qJX4KoFvc75SU5a38FKJx5QhTUKHmlz66IcdX0GPFV5uMFthUXYBLkYW3m3Y_Rk4i0KBsane1CfIGh-biDicwpap8Km1UMJ1FfDUIZPSQ7l1BqyL9fyGlcqAHXihnK6x3FGCPaf4ckIEX9n8jI9gGSEFgkQbhdJfQ7AUs-o1bmGCmSqM9U2zAStw4rN04RWhIEpOcVaDEAO1YQTwqjhutLFT58Li1Ga2nWA5u0szeIIgRpl5429FhEDHhYUwucVdi2UtYMC5foMEn2RZSVkvs6zOSq9npwEEVeVzIFQUh3F5aYYy-LUnBOAS7hFkjAybA430skct4j42IuKfKVISWoJgnJYXF09x7W-bXvJg50-ujr_kABzKpVd-pPw6NNWr3xzm_cIkuzYbH8lEaP1NvdOPQkxYzlm3CUWTvOSpL3-7yFN63mEPF9gVTb3rPKSqa1g0QIRkeEwQ21w2r_M9Lur8gyKFT6lrJXB29KvS3OodE6Oj_6IaUa4HsJRwmiG6kh160nDw6yVNaQiCeBoO7RXjt6eM3XMG7XJNZD0Hdlt0pFTI7DoFaDQm1QgkrOheJhx1fskVv0TzySHys5EvQJBGMINujAJSF9OW0JOsqWwq-shUa5FemtVsf_c0JR6jSX-b-RLtChoOhrnBvc4_FvH_ANYyxO5Rnzs4rN-2qNTsghf_yTukv5Kjeuv4w_7q4OByYbm2uvHuiZLl&xkcb=SoAn6_M3pvahBMSJaB0IbzkdCdPP&camk=UoKtGZLa3XKcmQCXzKHUlw==&p=3&fvj=0&vjs=3
Software Development Engineer in Test-SDET,Capgemini,https://ca.indeed.com/pagead/clk?mo=r&ad=-6NYlbfkN0AFPWGUWd9WogocUMPMJGIIN0itgsMWMAh4xI-EBuTuDzsu5mL8uwY3ZkExQyyQ1MtA4FagH2Vt5O3mk4ztF4PoABhT1Z4ZwztzRrRmtLIuoo06_JD4SnFenmHlcJ1lfy5E_IL8uwmFtB2y8ulnaHrJNLy5UeyywUczPUVhTOLyU2x9XCIjOTPtgF9n_rwKKbzgwEaMBNLWABQYb9rUdLr0DHSYNU61N6AgD35D0ri3RrwM6Jiq6T_rtQ0WwcNSCNj9e9I270MqSOJwa_L9MBND5Bo4jP_dnLZzZNgpzp2r0tY5qzUTYEuZnin3DZNVV5PPYLnxtl_zw48roS9xMvnV2DXCoSJMQ6xfp74BPXoG2q6Z8WABBAEpRQ01TZEBd6ox0P9HTd1P5leaeLm4ITkEEGLrjP97k1_RXwc6eeKt3SmqDA8OLPJ2LUc9ImsB6Tt6BKzp-475DxnzHTF_NgQ78lHRIA1CoWFiCZPsl1094luPL26R2X0z-OB8T7XgCS5hqkkviBc2CG6NgFEcV-HapNhtgCQxUnDAl7iOBS-6WFdQGXrNsbFmXRsD60JC31sSeaQ8bMHVxlsO_qtCPsEqGD0HBVa4LgLrVl7XkNyo4VRZGLjHH7cwLDcXzk3cXD6Kl_VtYECxCw==&xkcb=SoCp6_M3pvahBMSJaB0PbzkdCdPP&camk=nUmJqO2E8riYGIGaz3ImNA==&p=4&fvj=0&vjs=3
Vision Software Developer II - Applications & Algorithms,LMI Technologies,https://ca.indeed.com/pagead/clk?mo=r&ad=-6NYlbfkN0DVyFvn6KNrme0qWK4PNhlu3RlnHL78IF6EgpbnUMzpFaEdfNrZtp38HfMwKMFMMk9_4hbLTbKlz2C40QlPxz-z9CQ_q-Fz9ec92cFrjxUvHOzIMwZGkfmbwjoxvYIp20m418PiXzCXah84L7tH5DcQWjk1BXVPp8MOUA9ITKbvCJyVh8aNUQkH9d2E70FUg9lpa8M6ojvUQxEBHGS3LGBAU-rT9QQV4ntGYB2EwqthL7jiq2GKnHdWEhx03q1lvl0KdP3ssXvViYQnX2JXGbA8oR_otuwFKnrvjnLuijljPCoRzp42qucDgEpwuzfOoKnjQVVDsufbLilepVkeGa3XakRYzOEC7GZ1vv_827rA-FTHVamkfMqSv2CmbYkoEQ1HXSDrDqyj6clY17NW5PbX43pNSmmmhSfa7IGtBDTUThTXublGeUZWFbEvt7ucO6k-WqLiXN_nIkwV0h9LH-WZMYXRsGh7rJuLTiItZclzXpVbsnIpi-6_K9rPLEqJrRTCRPY7Fn8pk0Ql3lHoIktbLJn1rlE_ajGBxkMikpz42q_gYomQldzDOZb8fP0vt4mBzb-VNaGbleGfp80gScim7MafSdkih3vy705sHEhXeR5YZqaYMbyiHcZ7A6cIzR5aFLbEhP11oBA7_sJdCghGt1Rq_PO_iEVqayUq6PQZ8yWJau87WICjirOYgJ4anFoRbr_NLgPp9TOTWTzej7Az7w_smvkhXLDf16Mv3ap67L-LJQje2VHa3CW_c8h0mo17mrmVFZT-dYkSvA4JgK7afaUQsiSPAMfvQpgyr50G7gtWIHd8uX21WvttCL85ZYUMuzJRtESyCg==&xkcb=SoAd6_M3pvahBMSJaB0ObzkdCdPP&camk=ethIe0s0heeFR86g9RvtZA==&p=5&fvj=0&vjs=3
Google Apps Script Developer & Automation Specialist,TAHA College,https://ca.indeed.com/pagead/clk?mo=r&ad=-6NYlbfkN0D804oBGEbWsuQ_ljIHYn7Orj1Xapl-Uy6CSo87k9YtqR0AMJ9H2y8n407jrtCuMHXZwHbGcxowSoOW730ncARTj8YsmrllqtDYsHtRab3Nzuxb91lYplJ2Ss59ajzdT8ldwzW5VmYb9MwPF5YZ4zXaTvIfWUBYJiAHOPOtbzlRx1HhgHTik_KxrwAKRRas5PwAOiQdYJySbyPqCBS5ynjFD2laVMKUUXzDP2MGvbKNsOOLylkbRFDuF3wfyZKLhJ1YONPViPu56nnJ0xzWFBpKrC9kHyNyLo1_rokL-xcsYVf9WsGb8omO06WRgg7RQHgfFX4B3vOSQK1HYDsX479BQW8O-V_06wd0RyEsHFJug9NGHTTFFHb3aYoYdpZhiQTDFpjOqeJqAFr-PGSBAbn-ocD0lFWRMx44M9jh5t2UXhIf-dwHdmUrSkfk1g3d45cX5zLA8VDXTyGYR5EHMhxiySBTudi2Jut09optYoRlEDKMdLxmQrrMQDVfOFy03TKH_NwkxzBJIefaZaE8UfurUuGuHh8LEra7EOnMXb1_GpVWBxDZhbfmjHGglyXccFtMUVvJLaUVDyxbdJ8mUSI7dmyTEWqan4nlLs10vOygTUS0Q7hRWTRqKOYIpWzv8hBkuYqCLbxSoAzkJkWCACpkLn9I9ovguMPNGLtSv5Lh6AJsVpV_KkYI9bRaPvDuL9dn4O5ZATPnwA==&xkcb=SoCA6_M3pvahBMSJaB0NbzkdCdPP&camk=UoKtGZLa3XLj7dLTu_MNZA==&p=6&fvj=0&vjs=3
Google Apps Script Developer & Automation Specialist,TAHA College,https://ca.indeed.com/viewjob?jk=fedcba9876543210
Salesforce Commerce Cloud Developer,Eminence Organic Skin Care,https://ca.indeed.com/pagead/clk?mo=r&ad=-6NYlbfkN0BadlywUQT2VptN27rMPjoehhHInhiprURoxuuqfZSoxuyT7IjSL464PUAu7vBN9gSWSmag-utFCyEHm11Sn4MBFidzCGEe8fJCsR4fGCNbLfKzxDzdLCKrjS0FYsBmYFZh6ChAgTS-GZtLk1N87EGqN8SRqAcVlt5AL5lHSAr_LLhZEAjuegP9N-wKxA-pl65kFWZa3OGQktEqy7fURuIJsv2W3PppUo7vTWMUjIDezDb96qpCUkDJ9rkjKwq68GQuXBC_mOJHMAdKu4Al-MBOaHKher2N43WzqLQJb3JddsJQaPDf_rWA1jsdwR0mOMkztSyX4EapNRjn3GGZY3aRVIciYGRHSfbDrk3HOT6zQCHZZJHrDXjFyAsOr0rQ75W5Ukr0-f8J1OhAEr4PEa5hIS1ql-lvp65WB9C6my5Nz60tHtwGPuGUTETIT1IyODHRKzuLWYp9eZBvxi66nZ_Bz7DNxCm_pvc5t2f9UTva7PV3Nof6-fQ1TWOR5q-OMMcwKIVR4ZQy_i3WdLj0FI9yjRonrBRSHO23U6dNnMHzHHosDZiLgIWWGVokrOfJ4QIHn6BiBkhFHl0lAm9Ds2igiIonw5qzE2UGyffZVD7Cn9Oeme7kYdtE8QO-0WyJ22_QbhDln4_IUhPphvyDG9Tk-q72qzZWVuBt46z1wtuORpRSpWLyy5FSsdz9kRkbJAI6n_bWO1zd2UhTeto5Ypa8nhipZgEWK_kAbCLR88WZP85vvZsQ9rcm&xkcb=SoA06_M3pvahBMSJaB0MbzkdCdPP&camk=CPChkbYSGj9QayLiIV3BrQ==&p=7&fvj=0&vjs=3
Tekla Extensions Developer,Stubbe s Workforce Inc,https://ca.indeed.com/pagead/clk?mo=r&ad=-6NYlbfkN0BFRiYxgNpsJAgX1vttem1RMdkz_8xfSFUgJjQl5YD82VxR_h9rBdAg-HD8DNbtgG3daUylRLBYYq_LY2YKLaAPdXghqspRVdHPSGPCNpjW6E17VxhLHy9ZeDd8oB6q1HiLVf2aaJBSIkV1vURlVCmMLQr-mnlhQI2YE8kWPAf-KIlVSZgV-A05qT0F4_AqS8IS775mu3nbCrZhutwLtACySbtDZps1xNjQlkjkJTSozyDnStbRN64VxTo-b2ydRZDZ0rXT7aWktUPkTLa-Of3v6_D3Td6nXmHci74lWSPNTvYl6n575xIoBi08v-KiOTHbhTaTsLPkhwkpRzHUQCSrcxZBqwst8PPHLHjgIaVuoFo3ucIUBjQMROa0hwyXOcbz23DyZas-kDkSYUvo-pkRcHOIEUH3YunL6_jBgb5OVrySCqhc9BJm1431NhK9yrigDZK9UTwqUcAGmRpvdNsxfOjyRHFl4WtrUjitQd5HXfnHRjGCBsJ2nfTPMx14IBpIXUoDm2OQpJGMXj9_Kc1Kzxs8JbV_H1r8xBQIZrkdpSMIM7dEMq2vKiBdRU2UGnADwZPOEDJ2KR4wXTaQbhShY1dN2gkn-PT2skdUtQw5dubxXD01p9uhPEm-gpSfH6V9cnTIjPb0GsM_yZL8YSepO8_wsjWJRuF1QDeL4uV4LfOorbCJpKsbbJklb8YSfDaVKp9KaGWOIzCIHoZyqHPbZHx-3lPCN9Eht0NkRzeBLGbOUU2WELVdpmV-eDIwWqHzTJJyFLDv8hj1-nK-a4H1ie7BgEInT4UhfdrhzbJuQh-VzzLZ9drGqglT3FCVD5zYE4ERMDX9iVQ0ZWI5J9gyAQBOeZkYZ7hfqP7HwJPI_cOF8iH39Ch2q83TqOWfWQiYsglBNdWatwlWIGQ6RTWfRduPApnJ2-qTPWYou5hCYt7SX18wnsVJ&xkcb=SoDd6_M3pvahBMSJaB0DbzkdCdPP&camk=nUmJqO2E8rhPx9BlzadWVA==&p=8&fvj=0&vjs=3
Software Architect,DocuPet,https://ca.indeed.com/pagead/clk?mo=r&ad=-6NYlbfkN0C5tYKOF7UACUZOPdMjPQGgbcOZz4RZcw-x04BV0B0k-cqNZMGBCDsa1j2w_7XJ0D1xKpj5kx8Urx5oHk7Uk-Ii_7Zwx-zgiLesIIhnNfSMxg_75Cd5s6UvfAotclYaLNm9-7Bxjt7z_R0E-8YEcAqBjFsL3htY6r0zhIEqAKzZjgMwrE3yTYB_CEUgD5Y6Gs2ofHGLppPaVP10nOOxMTY2udSwPOrFOugk3L_OAShvf4m5ChnlF2H6nTPSSKs0bT5SZd9QCuMZIahhdZ0n3v70bFfvT4hERaVUTUd5bjmbEGyFK1IlYVy3YOQvumBa4cTB3XqMgPcd4uTg4Q_OYRqkKO-J0ih7us1kkeBiOWoyeHfFGPpKwR_qjAegNf2gULi-o_3zoaCuVyLUwypn4ZM8CaF-MY9V1lm-NYAwFQfF3ec0CxhVdPNgrSQEKVZwq0f252vXwIlNVdPDIFCTo7WLL1oWj5BUxmHm4pHCjorLV-I_b2j0-KbXPPAwR9oODVihVRaUpTyvaEcvcMhVOf5msT-eTKzhs5Ga72jTUclPgFfO9NdCvg_jC68Ik_ii-6tM6G87sF49gz5KZsTcb5E_x0iUkqCn4-XPMZw0NaXQxDeSUfQu_Wfy1Spkag5qxLWNi_C3maV6NlxZqLtMJATDvshuGw6BlbGYG8MHtPf7yA==&xkcb=SoBp6_M3pvahBMSJaB0CbzkdCdPP&camk=ethIe0s0hedg6pcbEbIn4A==&p=9&fvj=0&vjs=3
Software Engineer - API,CMiC,https://ca.indeed.com/pagead/clk?mo=r&ad=-6NYlbfkN0Ah8ZjG2vxbXxSowwbE2czr17CHHjQIsSUCnu94LwhV0JxEGpug3XGrPj5PFYKmxt6stmuObUbqnppO5qGcI2GLyyUNrgEvSQmrz3qlLGzK7krPT7XDaBYAZMFlBnLyGWTWLZFl9Yk6rDqIHTSGRJc53DaWYFBR4W5ew08pdbI6-KfrBLEJGDUk8MXwX_Z9FkJWDc9Y4enaz6WG8DLy5AC4Z2aJStyC-e-MuBcbgFz2evNUm5zLMkAaO6g-dRpFAPv4BMK5unb9pmfI581IQzgTSs-RZ0CMjtF-safGXlqrL5S8ztrY7x0UooXOPIg6rTc9bFj5skyHlaq0v6UREEWcjx2jq3yxpjYiSgYhJKSfTnmYEW-JsEB6MmkGNpu_JvXfK7Ifwj94t1N7yhaTOuSXvBojeXkjIx-MMCUFYpmvwwo3SNMpH9AMo9hfNTHny6NVtG4mWUBYFcBNEKYCWYaahUyi6z31UREcUhKOWvEVwXxIfSTGlD5B_-qmjDt6lNvax-Wd33c4MFKZb-SQy4B6atvckMW5ZO46bR1EYKvIrcRaRdaJGcqZpPBFtwOqsrfqyggzoCbbnb0Axwq97GRiAUnQWlzGIRbt_I3SIPXczB0HhwhpHr3qkj6CUXoD8aFDX0ZMnkiCZg==&xkcb=SoD06_M3pvahBMSJaB0BbzkdCdPP&camk=CPChkbYSGj8tjPHG1PDc3A==&p=10&fvj=0&vjs=3
Unreal Engine - Senior C++ Developer,Humanitas Solutions,https://ca.indeed.com/pagead/clk?mo=r&ad=-6NYlbfkN0DbCETdyIv9f5aclHIbOxK0GZp8_elFnnRVJjakhPEqrpcu1ECKBpZlYusYR8VSF7X-TMepuMuo8SN9f2a13_sECXSjuBAlJ01CsO1wWWkHUt1nZUo-8HD9tiGF7NLk6RMJzyZR8vIOXM_8X__f_2exIUPHfk5UGs2bFKdTgfGve6Neku74Q18y2uNJZlt98AIsz3A5dZV1v3z8fmAF3txD8GX7larAookZEsRuCJnJdIoMeG8H3PWCqrphAB41fEG2hGq2QDyA1TUAA9P1r_2JDhz4SX6SCVy5kskuCEx70yhGj8qki35l_Pv6OW1B1TRcn40EELgmTOsL_-Otv18sq_AkcMzX2jj-Tu7OMDePfY5YabnEfLioIoNUhVm9q-Zq_N7MImI72sQrbwzzobJHkMG5nELCh1j9sQ3PzCHmkolNH_KOfqlELUM7cqxwbi8ZcirAtutxpl6GFARMT8eY-ZVoV1UrecZsJEvfRolHRygXiHL3y5alss01joOOkFO9OvPqfcRpbzeaSab0L8-k3C5BDqtuNn-sFqeHpmWw0iiuK2G_nurX4xPxSu1zOrrm_cBMZ01VEamDSrLiMk223NF2LoCN8uY8Tu4Q1i-saanm1pbp0HR2pkP4R8WTrsCcmz-_yZdYwJXiEEVxgIXGNHpLb5hmKC7FAZZQAotkSda5vy8_yykmX6SnMyHANTQ=&xkcb=SoBA6_M3pvahBMSJaB0AbzkdCdPP&camk=H-lBaXMUocJ0x5rXE57vqA==&p=11&fvj=0&vjs=3
Test Software Developer - RF Instrumentation,Octasic,https://ca.indeed.com/pagead/clk?mo=r&ad=-6NYlbfkN0Bds76Z46835ksW8twDkVy19fSM3m7r3zM9gysT89ik1RT73BSZbOEY1TfcQ5W5fUCRyiN8uXdCPsOpQDfQxLNazOZz7Xyr-DEOmJX-DF8-4MoOH0YaaMa9bBaqv2XLD3NOr-bj_f-kSd-wNmiGJ_GqKoUvsHpJljqW3qlt452yosHxf-qkNjw6nE3zRls0kgpYWNb6DIbW5VmBZIQm7-PdqJMGgxrR0zvsPsk4GGSLBXZUY6BNX7L_JorXlZHYaIi9e9EgVbe6MIzLVp-2zO3uvQ8MZ5YKYWcB2xBXYDhhP_P5gLedD99x4KkSO-VrzxtgQ3yCVt10dnZ9wIPXy856X464CdRIHiM_QF1rsq-iUWgL9nxdZfokJGVlNNu4zfg3UdbPd-DlFE8Ik4U7yZj_n6OzpRMC7Zw3dIKzmLZVfs79atWkl661n48hMLpMuZXaa6AyFuai1hNRD8SJdWoVMw8JWxvF0kPVAmfUjg-2Qabb94MzIGHTzzYN-1Xaz44pkEdc7pkaxXCz_y42r-V76p63PzSPeKfOraIMVfndl_zdfUnqTfe9AiU07otH4A5LU5B41ezjjkXUIr7XDDQpfZMnElNLK7YfOPhQ4O6KJ-zFx6OntKnEGxYAfCJ5WR9X08wNogpjhm4WSd59lY17dJfezT34pMGReFrWl_0dsXUOSPhhN3kT033JkOnkn3GZ0jEqIYZGpDKfyoXCyxZUajXBrPu7CWEq8cWO6DIat4vLjVyIkRWVPcQys-WZValbDq5h9dvkzw==&xkcb=SoDO6_M3pvahBMSJaB0HbzkdCdPP&camk=4HOcmqOLYrCO4APlpdj7NQ==&p=12&fvj=0&vjs=3
Android/iOS Developer,AlphaPay,https://ca.indeed.com/pagead/clk?mo=r&ad=-6NYlbfkN0AJSQBPi4wQx9qdX0eKs3PPLYsybD5fytc_L6xoGlNJ4GBrW_K_ByqyVY7r5_r303Z82Qq7fiIYL7nkHRvyM0dp8rM_4OKb6Udpn0gnuJEwcjGs8i-uFrkntSwZ2P4I_DBmnwdszlkV9H4IWhcqzKV7Q26BoFtOAQH8hMY-_wqQu_rvGzn5JFomtMx7NcnF1-v_IssEPp-G60BDJ0z0d-NuiqYeRWTBZGdswJvZ1gjxz-qeVR8kPNv_szqIedQgRWjw71HGozKWkRwVLYRvQN2KvQYPZQUyOnvieUr2BndbfVX_CCyR08OsamkGZa51JtkWPfFHxnPLRc9YDIXFLRHdXwg0Dd789fNthLxdyIej2gKO4cdol3VnaKiwi_7tFnKkfqLWO8Ev12d1xXE2Q0fo2XzgJb-u1i_VZFXsNlD1IzAIlSEmhDBcsaxPIMgMd9Xt5a0LJ9r94X6EliHqFtFDb68D7nsD7PZUCWA7IZHituREIaUiW9b1angq9pN0VU39Ywh38hIR9sKOFYNdgxvhA11aFOJPwaBeAvnFLQ4KROLn9UNA5YHUUP58xGbvPmDFg270jc-xpsWAWDy7dDZls8WnGnwXDR3wucDEc2Io39sFGg2GveSISMihsTurYrGKJjL4zZpk6nw-KDYDYY9eq0bFgOup3gIoDS4u7KNZMQ==&xkcb=SoB66_M3pvahBMSJaB0GbzkdCdPP&camk=ethIe0s0hefqiR99J3PYwQ==&p=13&fvj=0&vjs=3
Salesforce Developer/Technical Architect,OPUSING STAFFING,https://ca.indeed.com/pagead/clk?mo=r&ad=-6NYlbfkN0D74L1sggDuAEguGh7gIFAzIZzNytrPcxKlgtLkl1f0xrApC4zcQQFTbG5E4ns_R8y1XP2gadhz13p6kEUmf-QJPUAd7nxh8P70v6IjnxxVq3u65QWj104nOzG68YO6ezrlWVEd7-fzRzANQAFCxwhcJVWY3fXg8aLBAERfa2CwdRAQdJ-bAOC6g1doD2l88xeXvZqFSV0_iNDy4MtRu_UhCKlPrh1atxxuC8iN29QOZqQ1xe_j7UboAGXm-bEK5YiRIo9ZQxCUiL6zp7ev91aYx2Oz5Drb8fJ6-rJZce7U5prVQRgUQMPz37XmVL7XgK_VtGHoQygWoF7nn_AgcZ4fnClN35jsUDrWJjaqiLHEaOzr3ERs0Oad4teU2auUj_0W6lR272_3JtE6MLodIPWqCyd4ZoQLq7tjG_TCOPGYLESLlqPeEHvoESgCBZtMtqOLjT8rtrc81Es-E76Nc8gA-5eQI6-Bvra8CJZ3FNWVkzWs5JQIPSuqOBOPUApiV71sNypC9bEuJdkHZDOFZJ40UoKFHEvgJyLqOiG0oA3qooDsKHv0MICfd5aWkIt2SmvEoC60bMZy8qwubTcs9R-CopqcMaTn1mm7xYYQKCZF-Kp7utZIy803W-zknTLNJqCU3cU76MzHEgoN4Ji2mOxNx5SoZmMz9NkxiCCf2ZFZpgZSIf3-vj0HWGo_juWlTFSg-ju3RoR3wQ==&xkcb=SoDn6_M3pvahBMSJaB0FbzkdCdPP&camk=H-lBaXMUocKUmUPHX-jVcg==&p=14&fvj=0&vjs=3
Senior Full-Stack Software Engineer,Skycope Technologies Inc,https://ca.indeed.com/pagead/clk?mo=r&ad=-6NYlbfkN0A7000hUPCMxGwW2vqsju70Hf0EmrA2m_tK6c2VLeUIj3XPtMixHadkxVLNw0Wk13O66SJcmed2u1zwcBBkKPpGEr3xtNYOUX4LqQQxMvzrZyx3DnNKnzSq_LBtvUwfwOZNXx_BcJlzxZ4abQaxseW7rIgQ0W85QIpbhWcb0M65FEviwJPKgXH0qub2Yih_tK5gDO34EYghRJ-UEgRUnuwkKnsO00aSmEmbYYVYADJQmxNalXQG2U1TamY_Bjw42jffT79CWQONDLeCcZbYO4ViroqgXfZ_YW7DF0Lx60NABvo-DbGdeyJd1l28SfBlm1FsSizv5twqGSH0wcf9bOnxj5RKa6KJLQ3bZmLbpA_OpVVsBpPzMnKWtaea21Zg_BsFJfq5Jky2g5MQUeWWk_8qvoj_VLHmZjTK4-4aHWoAsthEj8RkAPpCh4S2FhCCE8_FrpMkkJ4TH9dUActKHJDvwlxamArfH7_bOqUQvUSuDJlW5MZ-IVWH7y385hJjg4y9VaK0khfJm8gVq2XPGw-tSISXdtYpgc2T9o0hyekIi0SqD70PPQxZOJ9zz9BJ43uZ61XGqnQLq1F6LFaXQdDgGIsuZRpkiBKBa9Ij3z1RNVxHHZ26i5OgyDM8W9zhP9UvusSfdqk9WH59IP0wDN_qqB-fbBq0gxXweco2YGeqlIKV1DTxYq4Z-brJ__Ip27lHv2poqkoufg==&xkcb=SoC76_M3pva-zdW0Bp0LbzkdCdPP&camk=ethIe0s0hecrYRjWKDJWlw==&p=0&fvj=0&vjs=3
Senior Full Stack Developer,Ace Software Consulting Inc.,https://ca.indeed.com/pagead/clk?mo=r&ad=-6NYlbfkN0BkAEcZ2xmTVuqrjW1SvJB0AVmVlij-7r8yI_Mbg-wRomYTohnZhVqMxXnqheVjnqPHxSi5Z66BQJbJ_fBkqWBjAWh1aL6IlB9bnO1x-0bSU8XH7-E_LGMkYT20qquYK96CWtH8dh8gZvsXkbXKw-t0Z8_UWecExT0co9LR7oWUyRlbwqUSxg4QPMYwtLLgID8AqQfYoFROsKQFfIU71nNwwftZ0ugb98AC_FNY11xCI68fyDiTI14DKUUewWIXDn5nowk8dOl0v2TOrh2NzUhBX9dbejqNZCV3W7UIFtaxPeaO0b3Xr8CVL1qyN7RuzTNCiexGcrHQn3-23B3hHroxPfc3e09jAhEdN37Y3p0ZV3JGARNOtYIkIHN4xk0M1Y8905VkhMdSjvOEjsJO3EG4ukOVgkMLBOtvwyGSLwCNwKrxx0oasoVhQy-Vap3jIuc59Jgw2hcd1YhObcKb-BeNSw_CDhZ2vPsYkSwjt-RYejeANRQDlwijqpwsQpM6yjebOkv-cUiDH_kBPDbdJMW0P8GdxvVvOQ_2tqmUMA-XZHf3lF6uzX7C-m94-rHnHlF_z0YkBDl_zRR7IpfB0qkZHnMa9gAnBl4aH8IdjhQ69nA0eHm6h9iV6yxpV47OoJhLgYugvtOdOvte3ehfiaV3uu7ehxagOtNDW7RhJzlP-6NSkcxufaMY7IT-hDXcen3KRwIM-55hhgGDx5_Xmjyy&xkcb=SoAP6_M3pva-zdW0Bp0KbzkdCdPP&camk=UoKtGZLa3XLQ1XyfCNLxcg==&p=1&fvj=0&vjs=3
Senior PHP Technical Lead,TORQ IT Limited,https://ca.indeed.com/pagead/clk?mo=r&ad=-6NYlbfkN0CIX6I3UU8U4mo2Q7X_QaZXbddJKRXmsynrC8Vhv62plPoDkELuVlAkEj3TtJJlXDvvECq3yYAdeNhZrvBxaDV_cc4wGmKraoWN1PDxNh6WVhB5OrYj2Z7Lzywgyjil4UwtQXJNCsTZ6SeDZNWDzNWRNt6zc_dg4Jr2vHVKm2AlwBOm0cNv9Njh7WGa8oWGKgITBOopwJYRxQ5eYmu4UZELPPwPHyAog6bc9h-oE8hXfrxjkY7I05DsccWHphTqUqoJEH6sCmYO6F2tTbkykOCCpiNemgGqBX9obL7gQ6XAQuruFr_SRxw-4l4xH01L8eTYaOTqVooZBVmbvfpokHFs6LfUg8WzPrQLGvMecyIU0TbUurIc0kqmsM9XDIl0xZczdKjNNFIbxM4SFFqqhZl1BlmGn1WqCz8QC53dKSDqAAoBu5Ruvm9z5BKRs23wFf8KhW7KtbaswXlxniDMkV9I22todZPJ68_AgJm-RjhPonxa44VW3b9KrY-HoMPtvbZptYPHlkFa38XgRRaiFEtr9R85uDd99578cTxECApF3yNYRBSTFPL1srusxeUgKgEwIzJdlPNMyPLXcq7Cf7kIbtMPdwcSNDBwa2StG_DXH4GMcx18E2RvFefWseOCxBLC1yR-XLRbWDGNSzM9c4TVqMIrpYQMge56giZ24LN3Qr-CoZvUpyDgykwgaTp007KoMDx24BmnEWphktwVMhqM&xkcb=SoCS6_M3pva-zdW0Bp0JbzkdCdPP&camk=UoKtGZLa3XLKn3U3jWYg2w==&p=2&fvj=0&vjs=3
Vision Software Developer II - Applications & Algorithms,LMI Technologies,https://ca.indeed.com/pagead/clk?mo=r&ad=-6NYlbfkN0DVyFvn6KNrme0qWK4PNhlu3RlnHL78IF6EgpbnUMzpFaEdfNrZtp38HfMwKMFMMk9_4hbLTbKlz2C40QlPxz-z9CQ_q-Fz9ec92cFrjxUvHOzIMwZGkfmbwjoxvYIp20m418PiXzCXah84L7tH5DcQWjk1BXVPp8MOUA9ITKbvCHBLVzAT5YeeErMIffSKOmO41IY_mC7dicXKMUaP1g7WWLeWJcYap547vr5OaPw2n8Ee1Be2tdptBUY9ZqvksLB_ohgdxOxIgoaNLW3F4MOvsxilNCQqS6e33FEQAfqxCH_wGPDbVfn0x1Z-JdZ8S5GuGyEAq9SBHkfzXRlxCmotpY8qyKX7jyCCnb1HuB6LBdNBvCHiP6or5kxySqDEJ7JZU2rHvPXw_dbJ7OADFiSH_kJP_VP7ZTYms1HBoLfpQm4ZWSgP-8-JgPDKQ1MxjfAegXh7IkqlmG9qcCr1geHQ5sXPBzuljXfRyomOfF61wOIUXzetGgCRkIo45Dr6a8zV51IRwzHlNtIgNAEFYvy5c6yhaKmRDdjZ5KnAGTopEXpRB6eVTenYiEeA7wnvE-ZRoh0wHxIJsxSVp9ZNo2oPG_HQAW_fUlWcCvHU_S8tTRJhPz6hSD1AAGOSwG6KSnm36yogoT8oZVB9m-x7xMXxn0c8pemp36IrPrIf4blzsA0_dsT-98Q9vLxqIe8CmaarO85CY-l7xQsc3i_v79M6Hw2IWPTMU4oyu1foAc9S09phRIQNxVpVb8f2X2JIQVcyXXhjlT65jnajdDySoXsYj37TvaVBu67WNsQ4C0ooKUyzBUMXoD9DgCuh7ZpskSw=&xkcb=SoAm6_M3pva-zdW0Bp0IbzkdCdPP&camk=ethIe0s0heeFR86g9RvtZA==&p=3&fvj=0&vjs=3
Senior Full Stack Developer at SkillGrader,Heron Skill Systems Inc.,https://ca.indeed.com/pagead/clk?mo=r&ad=-6NYlbfkN0CROxqHoMCHg1aUlHIFQKibfumoRUBxUdJUJGXyFZICK44go2g-UQnBFvf6Gwsiz_fNEz0Vzls4pdhYdTywBcAX1UNYtiFmWdQpEF4dzj9nzKN1nNUKzRXnxTGaqDrp-IPYr_7YD5IZB3Aqosgk0dWemSKRYmIy_t4oZ4xWDgSPLlR-o-iad7wgSOb9UhMfzkEK852KygmKXCTjSe5pF3rArGm9aL3LOLVvslfP4E4hWFCxXurz3lhhX_GV9-6T0rLz3FYYLYmhw2cECXlW6C91fGBxI9sP6JoI-g14VPeeyz6JVAFJ79xdiq2hD7uLtZ0Xw8zylU5vcRmYNI8OwLZuSrvF6oprA34wJkuoekykMicx5zUJkuvPzznhc0XVHJW2TRpq6Z3bCR3WiXDYQbIN2wmYAlOtbZcs3rgazK0HcapsRPyoQHYF3WGstyq66w3p9RJ9f7FqjGNPU3R5NLg1srNPvlqEaAPKP17LM3WpMuu567ofKysy_FtACHLFORSYPZBZ4PNYtZ1IPVZ1WZE_raMKX_AkzQK0LXgqgJYhzBeaNjomVOTfvOG3CluQbFs8i3f-CKJuoA0FowkrGX97e3P4IShEA-oJCgqof6LO73ZnFnXx6RMwmXZVPMHanL_d8_09sS-qu7t_VWfFL0E0H9XQEsvNb8u3Z-ElsYckSJK5pSe2vkUbH_k6mlo1TyoRrNcrQFA5j8iPRvK3kenedkXp6jKZSVc=&xkcb=SoCo6_M3pva-zdW0Bp0PbzkdCdPP&camk=UoKtGZLa3XLdEG0Cam3y6Q==&p=4&fvj=0&vjs=3
"Senior Software Engineer, Full-stack (Partner Tools)",DocuPet,https://ca.indeed.com/pagead/clk?mo=r&ad=-6NYlbfkN0C5tYKOF7UACUZOPdMjPQGgbcOZz4RZcw-x04BV0B0k-fzUVa9aheHoEneaMOlbP33-H4OShoVxX_qDM6OkgvZNi3JDK6B4pwj64yo7oWpMaUT4QEC7HFcaCVyrfRp5MQgEUe12YQ-BF1l4dxUIXAs-kgn6PkJdrhbybyXCBFh2erJS_0UD_vtulRZL327UVepu55TkxMQdga-e2QAxaLX0nsaaHS2L3wXiBi5_9V0gN0VVjTgt67oWhXclGvZG3EPfobbAhVNq91mluo5NIgKXHTZQCVH_AaMvwOlsGKlPRWFnIQXBYQdJqgQP89BzCgqIzzwhOoHaTe7Jk6wzMMVUrUuUzWBYMKvGESYagpV6h6OLXrOHprtmKLcsXihv9wbYWcYqIV_KTwKVOMkBCqa_JsynHng2whYGCPS-BzOCAkmtzVvnEZPfVDfTin2VRGoZZcouwz1gGRDPhbPJZ5YPWW-BydOMwH03pRI_v9nO9M3k7X4Qm8AXZe0jS-G8Y5G7mCkW5-LIl9Gu5MqAmren9Dn7plhG_1L9FpmfecNnIu5xrPn-6FrULad3Ee_w4e_H_MjAee8u8l7d2l-Q1_CHrDUnEk3Nv5rESW7sFdh5Egj0SIVVHE4ipZzPWUHLTDHCstr_ivzdJuoQ6hdrHmphoW63A-LbMJ8bv6VebRKXiIRM4g2SnRx9iIlk2A19PAIrMA_53wLQJw2N9CJOZbpIk-Xv9XeUi9QAqP7-0aEtTA==&xkcb=SoAc6_M3pva-zdW0Bp0ObzkdCdPP&camk=UoKtGZLa3XIB5qnrKizvBg==&p=5&fvj=0&vjs=3
Senior Software Engineer,Frontier Dental Supply,https://ca.indeed.com/pagead/clk?mo=r&ad=-6NYlbfkN0D4uaKNKDUNJ7JXY071eQ4MwZiWlZD1RGiy-rGVYMPOGiTE0MWT7t5fnskiBbWCXfTDyegID4MpWFwtbGMSQ9HOh_8hwxU0u4JzHSYiWM4IbzS38_fGrEY8RMX-d8LkxAxZTZj6io69s0Dz0Ld43y4BeUdBlWuIO_W7dNz_QLoiiICgS414_9tVDghez793q20pV06aMqP4BPz_VpAbYGNqqxOcdq7sbvLxuCuamAW2YTkcKevcqkOKRk0JHkHPg3iVPl1PAENpme3do4i_pOa4Z7lJ8ozmXcFHxxODx6Vch24EEININ0Wq2qFSez5JBbJbazQvheoR1VJ-tV4lXGae_5OZp0cEmAElOXImO_lwykMtxmGtj0s7JV54REcdoqd5GXeoYOrpWJbbyhude2fpn7yAVlZrZI9APDyjSYnRmtRELGu164kR7q1eIXaeE9yOlE6yMGX2HW3vT2m-FoMBgSBEK6iwB4ysY5M4Uug-sozvkhQ5J4LxvJzY7UjnAAtJGi9qZs-GvXKTZeSCrefZkDgano7_TxFEEH0UQO_9I5ZFoP9CIpfjC6JtsnUP2BgrVZtHE2C3A-QyOOFRuD2R5ewN-Fr-kzFjZ6Jqni2AIrqwOnUD9oJjeMuL7PBkuT9XBal7_ZFgqbONjQPt4DmTxr0vEWp0sDVBSdc5gk8anj80Gx357_WfK1xjxX5s249jmml2UFIZm5FhPBaoiisuQNNT2t6Fk6g7nGVjZ2VgO4H2H4wAwAxVI_dhGuvEkDbBIRagc3W36Q==&xkcb=SoCB6_M3pva-zdW0Bp0NbzkdCdPP&camk=UoKtGZLa3XLgN59bdKk_hg==&p=6&fvj=0&vjs=3
Software Developer,ChainXY Solutions Inc.,https://ca.indeed.com/pagead/clk?mo=r&ad=-6NYlbfkN0A55FYFe1ZuELQP6KSMq4F8Di0V9oSDzd1P9hFU124y1AxjzMDgvSqDo0iUwzFF6FDdM7IJMnrXsiVw8nYTnlTBC9hP-pRNWNy4yZBdcjR8poIDu3nK_fL2618N6AeWhW2s7Wfbtf0tnQNTBAqZINZ8IKYrAM3cOmAY_NDcv3M92C68ooZQfHZQuXUq6-aPY5_cUUHXdpoN46Fdxb8hc_pv_-dK_RQVNdVL6-83OY0g2aAEprki2KZi6Mg7YJg2hekqe6UEXGzyJgfNECO27pBI7k_FmdlBfrsZL2RPtscnQ25MQ-ZB3AZBJB5GP6v9_-T14KHFzJbsQFR2WS0hwLVyixIdxNBYOTdhGtW2hBucJX03f-loaYCuVkxbQSWJ3jTori-a1IS1gaRA4u8Qq8EbjWB6bx56kdbcQl1fkx29rHG4FXUNo4jkPYvJsxWUJUJjPd_UbTBvC1Wgg9DOoO9Hem63YN5Cckzo0APcMrYP9xfvoCdOd8lgM6BPgwam-cBL83yeXxU4Tqd13sjO1Hm75C2mIxjI4SUZUgNasDHtbgZDzmfE3T_p76m1XYHXeFJ3EmYAjHBvZuoYSIpm-aEXJvV7MVCvVEWRwA5UWR1uqPxDUDN5PtOVhc3KbqLa2dTePaLVVdqwiiNcCZsdheWEan9fOtsN9jPPfmDGTZfRbpIbVahNWzSo&xkcb=SoA16_M3pva-zdW0Bp0MbzkdCdPP&camk=UoKtGZLa3XIn-QP9A99eTA==&p=7&fvj=0&vjs=3
Software Developer,ChainXY Solutions Inc.,https://ca.indeed.com/viewjob?jk=456789abcdef0123
Senior React Native App Developer,Heron Skill Systems Inc.,https://ca.indeed.com/pagead/clk?mo=r&ad=-6NYlbfkN0CROxqHoMCHg1aUlHIFQKibfumoRUBxUdJUJGXyFZICK44go2g-UQnBLbKy4gy853wn-tJayZ3-sGZNcBRa44KxNsJj274LCbB1V9GNrNfZyMK_R4LNYNJoBBHyODA2QxCsza8LrLLF2noWM2_YYffN1d4l2wDS10tF88LnV_VX9rtZ0hLthtptCXGq4Kj8YJmZ17FgV6Fiplgc1sub3gPOTpVIXGrUfBGM17dGreItxwkLhWhzFKw4ak-ujEjhLVOlDSANorMzDxvQ0Hj7TsXJ7HBqWSF-Zx813wJxnbn3X53zyb6PxsiF0ZuU-uDNcKYn2PnYih9Mf1EXaGM2BnF5SP5e3eN_amhADkqszl46wqO4b4qKHkWvYy_0-Evfuu8j9Vc4Zt2yZyN1lYolYDpufJXPubZXn3bfWkyBSVF1bpE4C8CCjrjtUmXfbHUxCwNcY2AdEVWfl7RD6Cje1Col5ReQC3jVsnlWhPPrONOeL8YY3XSOp_ASgMP4DmBxuEp-GTI388Ne6l9JgOA98D-OwbN96JTm9RraXw7iD9LDFPlyEmKLg_PAwKY_5zHgQAK_N1vUIWIVg1vqZA1eqEUXj8IChcH4gTkGwa0clYSGSVc9w_KurdgzcF2VPYag7L4bTF7eCvRgzVVyDjJHfMhKEIWUw_h7Tz32veuh_16Gti7OKHkrML88d4SaX3A7RPFX2Wx3XdUteffP8DibUU9t&xkcb=SoDc6_M3pva-zdW0Bp0DbzkdCdPP&camk=UoKtGZLa3XJ6wX39ewYILg==&p=8&fvj=0&vjs=3
Full Stack Developer (NodeJS/React),Calnetic Inc,https://ca.indeed.com/pagead/clk?mo=r&ad=-6NYlbfkN0AMPysnyqM7d2sbYEARu5kOQzf0LFN_rbo0qzRJogetXES2RkvyBGxtSHEnYqwcTDzJSzNE-yTV5vx133G7lQlJ2zsirvyxeOMabTlSu4Sus75QY0cscykQUUvbZdkzTMey0G8-lcRNIP4_eSsL91X0C2Dt4yB29Gxov-MKtQSO15FaVNJsHbYBq-ByTMKEaIqSpHVIe7QdtpjCgUAOwcwa44oX3ACkCb2M1yeUIe5GbVfXQPR8yJwQMulkR1RXadnlonTgfYcDpPGFzemNSOr9ikdG-7VH8umR6pRUQLNxgs-16eCITWh_Pbg6pnqn_v-Zc_qvuvnF_fe00KphDTJENYyzVPwguO6-mIVDt7UHmH27Iw89JlUh_y49CkUTcZz1du9QpdYnfhKildbcCLxmksblyPlS8RjoYmbA_VpT8lnDUdQbYR6o78H33yeXWv4k5DDl9QBLBQWio1EfhKdehS7eP7jLRLFAuV-wf_BuQsVwl4jY-Xse5fuDrXQJay3uoiwQw4ccwAgGe_yHyVI05MpdP9X_vt5N3D-9E0ADyQnBx8zGyjM0i-wmcdy6IZeBjp7obHlYziY9aJgBzo9czulvBYiHaSHyvENrFVO5MJ46BIOUL4LMctEXi5HKcC-RR0gW2pv6dMpoZ8hsmaHnCW5NBEYJOi2m03n7D5MRPA==&xkcb=SoBo6_M3pva-zdW0Bp0CbzkdCdPP&camk=ethIe0s0hedUXHank_jnxw==&p=9&fvj=0&vjs=3
Senior Java Software Engineer- Canada,Bellwood Labs,https://ca.indeed.com/pagead/clk?mo=r&ad=-6NYlbfkN0BbcS2TMpnX8ta2d7VziHXbD-4yrELM3HcMBz1N5h3AcAJcn2VWr9xFQ6QV5vrt7zitdOZFQ7CEVJ_eijxr6WHyF3mZU7qZyOycgGr6L8hrnepPPj_n8TpFOow87HaTGNSgnc7ANSz8bWP55rzr5YpyAnOJCftXruZtrQu54wD6rtcARMYTg6hD5DoMXG1yaycyxUgngjCS5JesyHJh3QpmE5NvIauStAnl8AZueSRRVZPZxwXB3ndw0wxQxCP5RxUhVyQAUUYLaUzbJsnmUVhJMPYmT_1x6_wSZvucIAxFTZPKdYOS_45CFJNpyTtUBf_fMqLIh8sKAJbDkCOsMpwCITGFOJ8FT3qt5_dUDkQXheNzio-aC5fEwovOD9QsqoUWPc05kdK2YQyQII7S0IHJGtCPGrx9Q4NbNe2Klc7CilZaNxPLDxiBnAZ7PRt8o1x7vHkTB_Z1_JmnMcM1RiGMXm8XlDCeZ4drc_ijOKd1sfxLRYOrLOxBagNyEy9hrB1AvPKFD7kold37KpxokO24_t_f-OKrXxyzmzM21RkErqeM05zyo3b4MLqTu0SDoSk4R3NSxG8lMzRmAKEWUubjeNfErM6n0AE5WLAlzHVxk6SES42rDUthd9uCyeADMT5fhP6OBlbnRjbRSJ0FLSf5_qqUDLyV2POcXYEzxqAEsLsuoc_Eb98X_NXlOEk1mbTVqxYF1PYfhF3l4KRTe0SvZrFVqh902reuVq_r4493HcOVLU13JiZM&xkcb=SoD16_M3pva-zdW0Bp0BbzkdCdPP&camk=UoKtGZLa3XKqKLMCvJAHPw==&p=10&fvj=0&vjs=3
Ingénieur Fiabilité des Services IA (HVAC/Contrôles)/ AI Service Reliability Engineer (HVAC/Controls),Trane Technologies,https://ca.indeed.com/pagead/clk?mo=r&ad=-6NYlbfkN0Da44vtOp6gikr8DZH0EXuV_TqGL9GOBsYLC_HWBST2HBytYlWwM13nsFeWtmPi2_DitJgg-iiADfMaUANpxL7MoVGoJI-aHjGqbYho95TYoOQuNSy6s7bSYAu8iy-ygqKYt_8IOmmxUaS2sYbyjLo87AZTG1YF8MuODG3tLxu8nNp1u6WoQMI5JnkKFjHucxNeLcfv6uB5hppgOn7l8fKBjgwjes4-yR5lYSBi56o7kc0zX4VQbRUwKpAhVuc_7cz5Atolc5K5uSNI1xdwn6ALmhkNqmusCRezPsbDEUSye7v8NNL3marEzHzYLSdeBta50u0qJ1EQBcoxc2jF_q3yeoF95Jbes-yM6hpV2XAU8dsVW1oAHycNlfcCvEN5Xrxkh7dPIsPgcl8UrUTh4XGBzJP4MiejfGc9ml8CS1ISKZt3tYL464f2If9h-9z9fVKvNVwrOdg9f3p_L59ETBFcaI6U0_1oYj45Z4rmcdLox2YCnePRNBnoXMfwTebVh7shg9CLjSsNcaku76BImCz3Bdu0dm5eqNQwrQK0AUzNg1bo5nQ5RntUzq_wkZNlLs4bwxGW_We4GiatepNaiaDggyn9m-j3LICbHJj19JvIyiTpVf3OXnFCmVXoSUzQPEtS92wdJLCMTiriOQi1MPyJZqEwaUdV8NEQULPC51NlqoOPLZycELSQaWEAExUHjDjgAbHsaFhRIBfMxf-PpHKNqxNSseD-3V1YLQ9MfZFa_xfFku1-l9xH6IeUS9muZSe59bsbxqcj7Tjmmhxw6AryDs852KvNQ5dnYO2gPx5GBXXkSEiPsRczPa7aP-i3B2oSeA8nyfIRQ0hG9iXAvcNQNeLUTwAJSLXSYmyP9yXZa_xuNgJevOIoCXlQ9uOjyv68sJmYgNxGxAbgKRWDYkZbhTvlDTw6QhKwKKjFqk1kwWlF8LR3Vn9vOYL0ccWI1lGsvt6YVtvOrGOjAdsdp7BZorCdeH4bDmbKefZOv4PQ1YhVBRRRKZGH4PVrj7kssulHV7qxFalrJfLQkbNYbo_53hEmrliHwBpQCLbNe7PkTvj8MNIp-siMco30C_5u9qeDukpIacY4Zx2g8kpfukJXVIh1-zluTKUYF8VuxTo1nmcC4JwbHZxOSCU_57Lrgd8xj7CaRwoLscJwxm2kcXQ4PzF7n8bShFDjK140-_xceKWJBHsAGxB9THG8glxdKkhSTXOrkUNV_7TLCp5pSptMhtY31_fh3q2ORAHVKvEJcsXGOGeIJezbiPMp5QEtc6hNk1X9bCLWiT5mh_M9lAxS_yPhJGWqJzqbAocmR68ahgt1qmLUCXocrng-IbxDSX_6P521A3GXbdls81QvEKxahvPILktUGEhOjf-ERT5qHL-2g0otF3z365xrznMFHTn746gqnv6ZGLgYEOhTdPA6aqR-M7I0h6M1aOHIDxcTrfNapzWyio0QnuJt-GBFMiJ3ftT4TXg5GBLClaUe-_2pcZLfGd8icJkUdgq_dTAqyrVMWXXhKZRf_WirCDACYV3FSdBUzpwlRpZPOVhwg5-AqAl6NV7ZmOH7doEpmueIJtEwvpjoSns3DDtr8j-yqBKwPfgkuGscW90lILYwf7Grn9HaMwfsw3UWD39OQBBxB-_-tOO2Bxav_ciISVmm-k-TdFfpkPXr-1nhGhXMM7SallPsBrgzwkcCoZfT3v00j6YqKrZrrJzujKkhiERf-yM2QH9pAXxBsCCL1Y_djYtDhwcgZtFcakF9Rr9qLY3ABbaNGXAOQ9r4n3lnedEnmCyCmrozl8vIhTqz4nugcUZHKyNOjZ44O9P4ms24X7cn-J01mMZ7v1Ird2gp9zBuExfYHHIXQmK6AnYXpX_84EGmcjXrhGRpNc3nh0_wmJbiTSu4sb7zqClu_dDIX1bca_M=&xkcb=SoBB6_M3pva-zdW0Bp0AbzkdCdPP&camk=G42KULXkIwNgsgqagokIHA==&p=11&fvj=0&vjs=3
Full Stack Developer - Développeur Full Stack (Montreal),Fednav Limited,https://ca.indeed.com/pagead/clk?mo=r&ad=-6NYlbfkN0CMUMoGJ1wLb9DHyGUD0dHf_H-zgOB_8LBloA01JUmjv_EbO7q04QfDwsLxfxzFlGom6-3md7ONW0peQaXcYqDjUP068bGqpSlHFotBpA2OyndRN982pZWsirQqLVfat5m95-YXAp1DgcdE-FeggHxMzP2CIZqbcISp_ixynjddV8-OpFJu-HUQa66Oz2nDyQ73lngBT_yesjBHcb03M4fvMR0d4E8miwlT2tk2ndpUxARm3abAiOp64nuf1MY88ffL5AGS3-ouw8LOnpKbEvr1WZWDpeBEWqGRJH-aCXhCVClx96Snh5cLMA67VN53F2BE48izPtWYxunaI38JTUTNwFNtNZE4PXfNt2LHgAP77QrASz9Ll6d9WngLM-Ub3wl8q2fqpfYLCOu61qfVD2gocriY15pSOX16lAgiMPIoqqpvbtWWeAqOa1gfIH9wwIett30u0JCFZfhnw-X-APwGkvENKqnjHwi1GlIfgyBjXMWhLWKxCHHj3T2OVlDPctKBrAyG3Pfpg-r2FK9VMSiVet1CwoEXvqEoJJ4nk6aSMJX_7vNTi1hHDoWKBrPKC1XkzT1o04vgAOEzRgp1YWe_zOQBjKTBsPXqvXT1qPiMvs9KPzj3-PnKBIbkDbXYR30=&xkcb=SoDP6_M3pva-zdW0Bp0HbzkdCdPP&camk=UoKtGZLa3XL6QCryyQMeLA==&p=12&fvj=0&vjs=3
Sr. Full Stack Developer (Staff level),Procom,https://ca.indeed.com/pagead/clk?mo=r&ad=-6NYlbfkN0BreR47D9bMWJ28XlwS8rs2_GIFY3-vSdy_Xwl-swcV-ldpN3v4HL8bbSPokbP8qOI6_tst7uBuTtxNgMs0T2CX9xJDLMgd_qxtXkXV6GfEw06VVHi9MqcCbFgeIL_Es2A45y4UAjVC4Fh_FIkJ7TXZFVszM-V2u9JsFe0Oy_vIcZeHBxo1oIYGdN2vvR2p7F3jIpYSxybbuCCUy1-L1aOqDROm_oCkDfvZMBGEwBTMY0s8YS41BDeZdkuEQhyDPggf3in9gVGO4LoN_3iAEPgyBSYgEtctY4eDIvMYz0i7p7raRjO2jAL5Lu1zNvzgc2sJPq2-g2jtWgNTMQWxSGue31AO_nXU7wF56y6gXoqxHjUPBtcs1bs8FnFjW0bA_30qMuhs4m_9kRJ_jH4-UrmaGx42X6vnPfU2uUtYhzDdUJlStyQV6xKdbbt8rzrwcFJlCNwQ6MpH-DXEO_5SLiI7921gYb5pCTDc35rSvp9s2dl5BI-MZ6oCY7oogZmW6yXriaiGIKLjOva-FSyitJ0tUTevL8ha155ZT5ynrfHzc82QFrw2TgiOHZHlDio6KxsYPYE5CeaaEAuqg9K7B7-wLiDdaGi24-YXRRVnYRyJFydgQsPNkbqBjGLBNz4VUHgc-oOOQPeA2rRdCnGoTY5xR9_KLVKqw2mCyob8UVpKVmMkxjlaRGh1Dbj2METIRZD2Wp5OKNRPMy96M5EYsErP3EEwq6lCOMrZV1zpY44naK1MQYY53OfvFKgmjBfyaJXSpZE1w9VdEQwvSaqKiDZJBxxHwo2CXk8Nh8SziuxUZiodctBYhmMhUpFoQGX3OHH6ygwgLFhZHHCag_Zy48NuERCuthrqJiU9rs-34dEH8OylDbLApa-T7126j32StE0=&xkcb=SoB76_M3pva-zdW0Bp0GbzkdCdPP&camk=H-lBaXMUocKk2jabPDrdJw==&p=13&fvj=0&vjs=3
Lead Developer (React/Node),Calnetic Inc,https://ca.indeed.com/pagead/clk?mo=r&ad=-6NYlbfkN0AMPysnyqM7d2sbYEARu5kOQzf0LFN_rbo0qzRJogetXBsx__f_GitHDlS-JEXXXqByL_5mpe-h6gi82UhAx722WAsuQj0DeAhfsrtfyG7NedhoXnQZ6lk-aSNPJxPOve8ID7can32VFNRdTfgTAQfTj44ps4HwXSRsaI8AuS0tSGVxuw9TRMTpbNH6AfA57ewo71y0vViRaBoADi9xBM4rDOBKEEmcNYW6WN-O3MbQ_-gN-_lh4fDdU2DhjAQTtDCRLrm4wsiGKE4wLK7Db2x8NeNj0d2h1MWylrxsLDzIIZ4x-xm5yprLdwTd8fqwI1KhCkF4FJigvzwlue4IWcQVAtKlHZTRoBBbAxGTCDGCN-laEygpVZMkPxXqNcUTsSc8q_Qd9mrtBwhVak1rckj5uL2vlwqqGVXp_-PWop3929R9mTLJrooV99l3gTvH6cuCgxdcIW6dA4R0-Go7meY3LYPXVixEkDQUmBspn8wmpPaU1eNRUYNi9xVDrUH7c6uys7WZ58qcMqqRIvOYU9ojwir_bqhW5XGkkGaFGnqgRTBgAlgHYC-lQSCDbBj_0CH6GIM9kftWrp3pZXTcCNp6lV_I4FhTDl5lbzmmUYyKKItbikgxLbERMAQQoMb_MEsvWQE0edjb1POBmT41hrX-NaXYsAavWW3olrNPIInnr6Pxp66KmcLNIOb5mO1tELw=&xkcb=SoDm6_M3pva-zdW0Bp0FbzkdCdPP&camk=UoKtGZLa3XJPWuddoTNoFQ==&p=14&fvj=0&vjs=3
Nutanix and Systems Support Analyst,Ironclad TEK Inc.,https://ca.indeed.com/pagead/clk?mo=r&ad=-6NYlbfkN0ApsoLGlNRcTPphj01rE2SJvFBRdd0u8XtEivOGQuop_kBOmr_Qt1Fl0-fIRVORYVlYEPKxaU7mPC_bU3qX3OJv3F7NOPpLZnhq7cQhNPJjlyXWsC0kGz066MEjtpgSk3nY8C5OpiYRiqMRRgaL2vBCiFYFWmRMngMc1ZIN4PtVO_dOoJWtLUJRFoUAK52x1NCQMSE2OuHGAg02VI1FDanAghw3YxeNWwEHLVxa9Fjlx-s73HX4kwTqkYM88KsGUDcI7eAr9H2ZI75YDp86gszwdwoJXq3lZPJvcSU-1vYjsYdbuwxjpWx5S43jt0xLrEq-aDbSvAm0RE2cmtMjpgmls3zGm8nHC_QFODHimOHzg5adaRB3Lpi1MT05EaZiOyiAIX1wDqRkNGxjRiAFdfb3-Y-3Lh2N_iXRp9OtTIfLx_SNa8vqX8GXeODre8FixaWAAIX94Ev0V7Blx1Try7b3n9IU-52Zs3AxSoS9uxPP1VRFNjwakJVVyjkHvnnI-HbKiyvWSNQMz_pqg7ThFDA4EXpaW51ETcVRakF60Ut8rzqGVCHc7TOWjCpfRlnOZynmdoIxzM-NZLpQQf06NIM7mFfojrGP9c1lD8anY_X_xDfLUsVMqd7JA_bAJD6wzRcbz_izBkSkKr0KjXo7AfDgUqvHd7qYoYNU4wouuc-d6nAstMgy90MdcqQ1dLPjZ0-3rfcQI2cwBkiO6lxJsXJGrkEJbYq3n3UfhCH1CgQYpQ==&xkcb=SoA36_M3pva8y2SJaB0LbzkdCdPP&camk=UoKtGZLa3XJlpUDrjuBfGg==&p=0&fvj=0&vjs=3
Application Support Analyst (ASA) - ITSM/ITIL & Programming,Clarity.ca Inc.,https://ca.indeed.com/pagead/clk?mo=r&ad=-6NYlbfkN0AeGI72pYgK-_lsOJ987h5hHH0Y127-kk-MmlydtvBWkgQKLDM8HytVXA415O_bGP83QK401rLrAWyOSV5yvy2bCrUZ5e-zEKj4tT3QJHJsVAkZkaoNhTZWnYuCe0Cpai570hm6mNofKBF_LPSP8A23p5z28iOP-P2ZeJrJ-jD5Nn14Asu3yVZEWuciCwPl6expnnvBrmCiYOIl4janZq42CxOF4kL03Q8ZfaZyz5qdQD8CAYOtYMPDGOhjQH304HOj41zk4N2Pmeedqd2mqCfPj9lx5tS-IUM3JnVjOZzCeMnUrZrOOUevN7xBzyEh3OPlAhbqgaDX5rw8Om6ryDb2ZJgJWa3AamSrFB8H0x2C0tDBIVjBnxK_Q3Bgha74i7giuShCweIsRaB4A3GLbxe0rAxFe3yxS5Nn_L4uGoxMKadVRNAzSbS5jFPph3NIEfsKtyKQT6jNz2FIPmCRUr4XGaIORsBAUwmLazU_267lJSBGWUk4WN-rkUbRnwaE396PI0cLqSciSjhd8VX9Y4u9DU1O0vsILXVENB2v72b__fuWeprXxOxq_WkXXlxkoDh9JP3QWV_hHlP-Ea23YlHIi7QdjBzMEhbO4kptdMqWv2dOskO-_NSextaAndOkrlkwjfCxFaR7q-UjotAX5OPie_QfkdMSCo1uIqnE_eA4R_ybFfgVobk-rQwI4POu98pCcZ8GT8ZSjzReSLqHAp_zLY_waayNsToIfmxQ0LyE4SzAaWoIUNB1&xkcb=SoCD6_M3pva8y2SJaB0KbzkdCdPP&camk=UoKtGZLa3XJW3WGZKjqijg==&p=1&fvj=0&vjs=3
Soutien technique (logiciel/TI) et support terrain,Technologies Numetrix,https://ca.indeed.com/pagead/clk?mo=r&ad=-6NYlbfkN0APW1_jUx6oi11wqjsyr0a_2h_LSscCpQ76VvEVfMf9LlmLleK1ZYGYczixsEjegN_Tyn9Em3C3KBJTitAcCO1lfGh7_trY6t4udfbNTj6cXtGidf8uE7VW2bsDQ5QoWbTC7y0nRHO6j-qX1n9LZtWRimCn-Ht3Qi6fMnHiwU7cxdL8A3lX4a1f5iLpU0iyqG_POcM73q65e8tZhLQS66hS5d44NDpkzseYhjx4LgSGGjUo_uMuwHhdcqgeSiOrQ15Qn5ukYI-qfJteuyjmK3tpqY_o6-CnQyuXzxIf76-M2SRlxdiKMIbTaCC3hFi6BxjDDN6V4HEpi4IsDAiI_SDoc2zgP0etBlY34sxZWF543ZegTKbI7hz2GCCcrk5rNU1CI1qbYH_pvDsGCeeY49tEld_UeOSJhPrDjw_pXZNKYhf8qYroiHi9ZKVQWoaBK3Iwd02u9c0ix2W8ih7AXY3h_XX4-LLI5GFpnDnpV-EwMrQnoBS1O08ITbQ8QkfcLbWjc3UH3fq_sF4SSvfTlR4WZ4GozyEzpUIKn6kp9Zu_bH_JlAD3lqJo9mvPnzkLS8JziRE6xIP5b5Z9HGxPXdzzx8yAApdT9w_S1RJck5RAZmDxVx5LZKiwWKobezR_Aa0ZDZY7-HY-nR5CHEwqmz6nWgSyyInXZInBGj7ZWrE5eN-1RL-8oEHnnV92X5nJq9wxL_uwhweZzIqSkqMPfnkDoQlrspXNr7evCBEdYi3EgSA4Gg90LJbq&xkcb=SoAe6_M3pva8y2SJaB0JbzkdCdPP&camk=UoKtGZLa3XKaezj-AW6iFg==&p=2&fvj=0&vjs=3
IT Desktop Support Advisor,Enbridge,https://ca.indeed.com/pagead/clk?mo=r&ad=-6NYlbfkN0DXkh61CBKLAbWGthCj1ez4QfJvZu0_FGYLh-4zLvFOdTUcajp-3BY_slLxXR-ArpYLq7JdXi2R-yYIk5zs4Kfs4oW2zJUtyeF8FGq-9TMCWKglQvRqbWulgPQGH7mRus3hsx2heFsfnji0H553ayDj2p1Us7_Q2_mcuDb4otqy4cbZNal2vVF4AxvETPhfHq4zzYrK6RxZgTEZmbXkwioXMACoL1xvaAUZiQVtDWYdfH3SG0YGZ2b3DWXPTiiXR_Rc52ug_rCSry06cxbg-JScAGwlxEN3hx1UtWzDZOyuXSIaQhFpWw8LdqSwV2VyBnxk4UOxlhXCFxhhCoVxHvahB1Bqr2uo4TmvcTIS1MGBCuC_etoOZ2gTQDEtbmTOncQR0TsgHwZ0fAqycqZra5K-9fLtMgCoZqh0QwSerfpUOTG0zQ8H-jLBBWeAnMAZSodQ0XE1YfKcUXnM44WilXHW-U1VxfVu-0_Oauxp0cPoPCN69HAnf6GYdsmn89AqsI3TbiQoQ3VfkjbeR93qkdMGuWo7HLkotvJoWo5EzuFxdiTPnIy4AeH0xqYgsn6YrCxdGvJM_uRYGlWc8guUjOf3QajjFKD68u3tkB8hjGY9dLcduSejADZQAG0S2SjeTtlaCsAgIl4B5bkYBXmvbofikZw_Pb-JSPAFd-a6Sy-2X58iS6CEOZJEjI_7zxQgu07v2lFyU50ZVTD3OMr2UgKQAKitc-Ui47kad29N0fadcw==&xkcb=SoCq6_M3pva8y2SJaB0IbzkdCdPP&camk=H-lBaXMUocLzji2jpQ-zfw==&p=3&fvj=0&vjs=3
Senior Service Desk Technician,LAN Solutions Corp,https://ca.indeed.com/pagead/clk?mo=r&ad=-6NYlbfkN0Bfl6rvVts9CK_4AzYyVqtH0uB6SjQjR8ztI6muJ79g4Q9QdMS-FUbOhPH3QwIKaj0GP6eurxTAAJLDgCbN2oMR52vjcIghFYRPhfcXTj7dkjNR5HxmoVdfFq8cweuqZ3HfsmyJigbE6vnlbpv--HnTBRMjx5bcHVdt7tcQ8mEp47BDXmUsV8qZPR8x0OoemADZsaVpDiOstqaeew5GeVFt48BhSSpz2dtM3jRqieo46NHvRt1AsxbjhaMPm4oapN0dNEPA8EOXIA1-PQcB1ZPw6it7R3NvCjNYjH57E4--7XwttinWTj9obzBaVV6abkeP71UmOZvZ6so2SVunbhGxbXkfRj7k8bw965f6X-btF8mRRhToAlRy1N5zQw2MBe1fb6cb7zh1SIUUmR18X-d5BvjBJTfNQK72yHSdzlywQdMN0dunXe2-55CIapJIr0uSwmXH_WvfdvsTSZAsT8zMIsLxY7FUZjqZ84-f-G_dJ6ywWnZU9vIUchiWf6BapvucAVn4gvgsZYxf8CHbQ4IrDoo10qDDcMDQHQ3kyJRtNvQVWX3ZOOMmWmtqqYum071ah9T5rXmNGzgKmPs93M75x205gFZR-ChHq2b2In3x51bQdUjld7WYTSUpH6dZd40JNed0eCG9Wy4Zfnt5wL-vJgXoISJmhvSi3ITgQqUuifY1yv5pIRd3WqZhBfLkjUppAoSSojAGDw==&xkcb=SoAk6_M3pva8y2SJaB0PbzkdCdPP&camk=UoKtGZLa3XKJij4X4dKAfQ==&p=4&fvj=0&vjs=3
DGP Research Computing Support Specialist,University of Toronto,https://ca.indeed.com/pagead/clk?mo=r&ad=-6NYlbfkN0BAkTSamuXoMYW5Yaqg0Y5LebZj5zxTxprtemTYA5xEKZsJMfeVhLe18qKDLgMlReDX0Zeet-VjENlhVbf8LKAN6mvZkpZvnBU6m2AYvvPJAoAYaV0xQZCGSLCzkHG9Q5HEG5oMrtxoEuBEdwWrxwcUR6gi2XAlsTZqYFK33kh01JWzV0MoghY7I78HWg5sfq79Txu1rmftUJdGaOUGOGRaol0O3g65JUVb5h6vCqmP1eRvWe7lJrKVrH5I6bgyxQIPm2ujE_uy43yysR4yTPx4R11xJ3SE19IWhniIZolionQPQYoTx5cLEr-ECBvzCrM0G5rc-ct30ApM05VdsEQhaoezJ87xz58Djc1WIk_JIggIe_hxqPl_kF_0_pviIOUdl0_F2pj2kNl3-ZgF1qiN5pQJec-U1JasspxOIwXtql1Alx672fu5j0Mn84khSV8AzUCyFLKrgRANXTW3CdLmqYqMzTJP1JquI__9gkz7zn1v1hwHpZcJydBNoQE6zgcjM_-5S00AKauci_frKDm_O6j2y84rp0kFvLuFLn2KZg7Qchswh9SLvGsSg4SzAGFjCDGiL28Oav-7xLgI4kdPRB5UbeCRZ1CoZu8_c3XBIPHLDSrfJl15Q3VR_qgLGJaJPE7dB4fTw_7QzuEZaiOmYljSaRVBXMqQhITZqHG8oj3I3DGvmnIqEv31q41rMwnYSI7EG0liU_zm8UdB8o_MbPSq5G4YvuAHuoBCA2IFcAmg07iUeAenKbrnhaO8pJtBoJZEfVzkYv9PHX3ZoKce&xkcb=SoCQ6_M3pva8y2SJaB0ObzkdCdPP&camk=UoKtGZLa3XJwuLONnv--Ag==&p=5&fvj=0&vjs=3
IT Support Technician,VINCOVI Technology Solutions Inc,https://ca.indeed.com/pagead/clk?mo=r&ad=-6NYlbfkN0AlweXeNYtQMJ6Ibk2XcifscxMjdNVgqQqYpbkF2WzUwjMvX8LZQhLpakTIiL4nylRJnxK_CenBihZ1KkCl8cMF9neOE2c7iaHRP6rkqlHB8jeIbC9njzsFG3Du_iqPLVjaxcuHyJbYy0CEwZm0AwvwNJsRR9AXly8Lsy-WTSSHp4iCUQ_AEWtbuMsRAZLblWI3lS9qTwtE3caxt6CJLexKoSuYBunz9YX763yUFsyUVlPGr-68ZM9zyzfBM2eDQk1JrZiOFzG4oH27f9UmPtBIYzP5w1SHaLNMjTNqYVoJc2TQY2sc5l8TJV7eqLbtyhZ5_fGaSk2e1FHoDA5TCU8t5b6_8Nlx2clOtAqWfcXZX6ZGz_7jwbCKMAlPXm_ckUxSJwBALBk_TKD02UmK1oI8r7wSNsmr77g2FxKzXqKF2dH8jC4rabi3yBk4BhUZCC7IZM3DgEPho9UuonW3Q8tQ38IlsOcZAYdtRc29yZqjPjCEQSqPN7ss7Ea61doD5erAFviPfmRW5Y2bjc60iBiwStiA3VtsZph3nl8_naAt3KE9cKyqf0uw-jUxnM-cTmPM1MWbReQPd65_M252iS8BmcBYoSGOx2TYpWa_9o9uLJFhDCJ67QA9llAYob3fkGy6WUhu6UjckhF-l9kCdVQB0NSDGH7-CKLjdHWkdOs15bU3T43NSqcqTxGkhDzKIyY=&xkcb=SoAN6_M3pva8y2SJaB0NbzkdCdPP&camk=UoKtGZLa3XK8MBJG1Go7og==&p=6&fvj=0&vjs=3
Help Desk Specialist,IO Solutions Contact Center,https://ca.indeed.com/pagead/clk?mo=r&ad=-6NYlbfkN0Cs97Z5l-MMMC-kv9TH4fVVzPT9TLm19I7TWZ-2CEzwxnH45G1JO4tZa7m9rlcrVapsH5bzRGUDfH40JFxvxy2Q_t55eylCFSH9zN0Xk7u-WucCMbbwXSWNttq6WgApmO8MWhl31mlWBDM8ucBckoFgyGZo7iYGsT5bdt1q_2UX7bWY9cqb895BJK02R5aiLjWfgZpVv2C6iDG9Z6qMZ8W27fp-l2AZ6b03oFUfrKhjLdOaq2MrJYQJfj_Wd9hAIEFE9lrprpYVDWvIjyi9aDHNkYmHQBgrSyOfQfZdczDH6mShEGl9ol0aRYM-tbJ-QerFpQG2aerzH9FLULIuw2ytq3bAtTMUnFPogAvhUo9adVtk8nRxOTixNYa8cf2VRwZpKvAb6uGsvq-wOOrdgsR63peUGrZVvwjydL7HxaPyIc2RAmbulsf8a5_xlKglBW8i-SHw2C_bkJ28b3GwjGFWqMhaMSzltqB5qiWk-VO7VRylov8X_fDxPZaeF7tJaW4qhSGbXudrb5LCJlb5e4AFyxeae3_TEqDILsFDbkN5Xhgx_41I3OTvqFERBkAYKx4vDPdiUHdBzMitv-V2936rfajByrA0ti2mCiwBoCG6HIadCiBlL5zmlZAiUeVXsCe42qAjcniLT3yMXCoxDVlsd17r9Oqc1KmSYpp88aelrbDoz4p_mzKp&xkcb=SoC56_M3pva8y2SJaB0MbzkdCdPP&camk=CPChkbYSGj9seIedzlV5pQ==&p=7&fvj=0&vjs=3
"Technicien, Vitre d'auto N1",Belron Canada,https://ca.indeed.com/pagead/clk?mo=r&ad=-6NYlbfkN0CfEnU7Ftzya3wrmsQDH4uFcdJ8dqVdleeklUBpxHSzkSnLXk4VcAwd9lK1jtnuGMn9EL6KMlbw1NlP5aTijj3I6_WG4SywhqhoTuK8iQsioT6Hvgw_wxlvDJ1De5psNLSO4jluQmh7irbAB8PjMFNG7-OAFNlL3i_-AY_vQPgcLriWHB68C3Nd4yobdDX-qv0zf370qLYOirCzBtdXu2JOS60IWEsAWxXM8aNOUQtbQvEb_REO9a7FK64NrFm_ZQ_qTVJHMfF0N40XR41Re4s4HwrIhCO-3Z32jYLWhGaCSZjIijiaFhwKzz1Pcs7pRf-XRD6MZLNBu4B3XIQLMi_YIseWQ-IDMXr1vkGgBbMKjz644d6RptxE7MeSm0DUT_U8dK7ftY-UFS0nZjU0f1t4_Rq4Kc6mXyG6Y2MQiVIri3w06QgTmjheBDG5J2f7uA8dhO05naYSAS9fr2xyi3zbDweMh_ts1vDenRqxWMk3WZhMJczcp8m7u4DRyS1uufej4jg8dtmdFmAzVuDj9SZA2NQodALLR0C6oZOgDnGRBDR75xDLYJVpezEeOjYg26-DZwGSnoirJKOBTThBkEa3FWkK_GSmrFMu_Jx5aMd986HiQg_O2fwZjS385MNLEl1EvJwxWh2d5XBYpoasBAkhAqE4-gvoGVV6dw9tS9MqeUn_XeQ-gIYocMTFgsJj_FPoAmZGGGj265QHLTG2XpjrCc7nh2GADtzTQy273jB2rYb377NrQjCoPxBTmoPIw30CsRNVhE0t8CkFVmjpT80phRt-KqG7MAkSvCfqDxUi5uq9E8mGPhm5gL6o9DPtoGk=&xkcb=SoBQ6_M3pva8y2SJaB0DbzkdCdPP&camk=f416UQcMBpC7a9UTfq43fQ==&p=8&fvj=0&vjs=3
Senior Systems Support Analyst (2025-8668),Grand & Toy,https://ca.indeed.com/pagead/clk?mo=r&ad=-6NYlbfkN0AzZUxJgggW8KeR5djcuARasHPrK4vVqLd5DkXuyPnQ0WXRKjg_kZXCCpChckPB9-FMrfuGGi9D2kvwpccEl_EPfTjvfkWPuG8N2UbUMxxQEwPIkA-u6kjffLm6sVrhcWHYlrDxgyX2fYx7h9fDWaqnH2NmCFXuT-4ySswaysE7i_RPk4jwInTOpk3fIWfodY1UtZ1iUaOatXYzPvlHRmPz8jK1Ml2M5377m8TEppRQhe6W95TA3gt56nIN3Qy6huE7P3Xsqxbd2tThogiPdUTkvkjjIzSNRhC8PT_pxxIPpNI6Cf7jZbihEARP6FfgotjTHEdusejgsnZrQ5x3GxnJ1H36x29d6TB_M5TvUVJkJBgBjhbUWlXpZY7-Ir28epNy71K2PFvgJvGttU7074F5-B_tEtGItt5Ssfkfyn3spYwDRs7Sy1Eg6F_ONrTQVpUTDjEVyWZCY3nKCxyt-S4IJKOevAIEfwop9Awkr7V8KdLjgSzyYO9z_F9icTkr_ZdC7qc2t_8gc41MBWEuE_YAfDO8rDM7TMT0qbT4ARrzBBKqzIJ70CjWaEkJKjn3h_xXTfXlt4iVgQl6IrCiJVDK1qqog_u2LuXHmTzsXQ7_6lAppejvoOMpQ4yzZstLNk5ifzi4OTzR7BwISM33PrE0-CISDZoskK-qqkKNr__udxQe_myDvbzfgGAs2XmU4QmyQl4BuNUZ2CBiJrATPvOhi9n_iva_GcYFwUIYWZKC6vBOHHS7DCePdxecaehYiDA=&xkcb=SoDk6_M3pva8y2SJaB0CbzkdCdPP&camk=RSSA_MCsIHUoCw-hSG-mZA==&p=9&fvj=0&vjs=3
Systems Administrator,Thyssen Mining Construction of Canada,https://ca.indeed.com/pagead/clk?mo=r&ad=-6NYlbfkN0BvXO03StaMgJs-_xhTH9z1ZffhE8-BEtVdFYeurJBeIcscyf7xQtQGcTfCEJP9kF_8J0FOdM9ehTj43-PiQnWktZ1iBkA-DKGMq4cX24LHqelEyKCB9SIkH6Z0pw77E1B95lzauD-jBYm2x35IXmyWDnLz6jCFXYmvc72WO-RaG1b06V2LGV5tNiFaA71qhwdMcYt4vJLRyYrTiNLpMUyGmknPHfnMSC7_0zrugiSz3KTynZZO9f0BDN493O_OCF247TAF9MbNIbPrDI-aqkLM5myqbWzX23rca4fZJTJm44o1qeF2fQhWbDo-ynkW_eJhxihMwWGyEisVVkTZI889o7Kk4Z1c193uR85RzZ2R8-jk5CtIjntZR5TrUXqzj54MsdSwMSj8PMASsH6yEGav_GLs_l-SdpCAYvpcxZoG8gw6gDDjwwdWPtx644i2wzYQ7ezZjgKqEj3TYdNfK7eC6HTmYHRzgtT3pJASguOr84Z_Madur8avD6Y6EzUI_-HhIWtjc0Y61TnzXahUCHchHb9PO8YaPkkWPqohCmvGgfa819_1Pz-DqhpWy1OX0gdEHRAF0NUYhh7zLeaRfr9aNyG59iKdkpU9_t2bdip57jaxy6A3CEAtv3ZkP1S1t9WifOAus6ubJzxB0qLMqVPEwc4GDSlqrTFej479Qjl4fTR0dkgCp4TLgGg8xhYr8rMkDerz5BYFI64NSD48PQ7cBkHfL6CgzRTarMq-hWf_kaVDjVcF0q0wzhkFwvrsCVa0nySwmwWY7TuJfN61KqlDzvFXlFYKxs0qlyV-ZuHviBE0mAks7iZQrbgRGs5NHCAfCTU6sv4GqEaYOIcC0fxDV6UK7wMfb_yAQ0lXv31dXzWSwvOifnBXrsV9WhLNvhfUIkAuRjJrvdq9jPESaxVS&xkcb=SoB56_M3pva8y2SJaB0BbzkdCdPP&camk=ethIe0s0hed_nfuco50_fg==&p=10&fvj=0&vjs=3
Jr. Software Support (Vancouver Island residents ONLY),Plexxis Software,https://ca.indeed.com/pagead/clk?mo=r&ad=-6NYlbfkN0CLgtitGa4XD1_iKFWt0ZhvVUt6t9NWJBvl96UZE8WHAhODafkVgCv5EXGoc3thiTumV6S3NUPuOswPXa4rEtJAMbrGxICxK9qm5p9tO64su0EQRtcEJbSKHsouB2qjd61I7SY6jTPxhhGc9py5GBi7v0rP1300PDheglqFoJ-a63Ybdk4llnEPmtOCRqzrDiQFuvNUFR4iLSEchK_pz_4jGWj7kMFohU0NFjujnmeNitxjrQNVRw9--p_wWRGM09bLhiOWl9voua-w386awDOKYUmhdhfcTJV3FxIwv3E48OqfKY3Fp3Y69cckFklh2sZ6f2e_DCZ-N-c26QMELSW0yxDeDcgUSe73jrqTn9z4OSC2huwVERrVPtkqf8WKxUJg4VWdg98TlK_TBSQhDuwnzR_fAvdsJfU3NqTs9yKb8prqjP2n4i9FjXYHaGxciounD8sUgafftsjIDBz0wya3fBwqXMJ6UN1vkUAbF16LSqLwtyy5K0mnbRu_oBzdY94z5De0GuELE2ljxdthqkoOwBFfsHjYUuntRiyKEI2yq6oqv0HLhYHBzsERysCaxA8AYsM8K5eSmrzEZnIE6NyOTMuPBtDEZ0VHJAB14CcEdZAQ_Vgq1lAnU9tByyFjdS_YjFeGkPlfszvrRrtIgw8rmjGVKsPdwpaCZV88lrzXNNHVrULXbb9wNquKOGP2iz8mRNbGMOWTGOY1kPwTU9FBed6bU8LWXRlCqaQhJKKrOgWGXQLA7mon&xkcb=SoDN6_M3pva8y2SJaB0AbzkdCdPP&camk=f416UQcMBpCy6mAMcM5j2A==&p=11&fvj=0&vjs=3
Jr. Software Support (Vancouver Island residents ONLY),Plexxis Software,https://ca.indeed.com/viewjob?jk=a1b2c3d4e5f67890
ERP & IT Specialist (Langley/Chilliwack),Delta Water Products,https://ca.indeed.com/pagead/clk?mo=r&ad=-6NYlbfkN0AJiFDiCk4Y9X19t0K062QIbuUPgHmpr_F8umCTQwQszOgbG-J0oee15Mi13rfWde6k2kW9VQrLgnFyWbqLMPlteVGjhVAZE8EACN3JmEnZZifHsQsN-ZiUVKECYgcIQ0t_In8I7m1oVEChU3BM2IeuwkK-sGVglUsEnnL66MkqtUijHhvelsotwBR8AMgtPdPoE1bJZlG_sBCi3Xqbc-cinocqaDEU3lmRK_vCC1iBHBT1EmgMxJNYGzJ-phL__aWL4skLJl09EK366_L6x1jCn0TbZLX6DGg-0wfZTTephUdRVXxJhfBkhjeuedohYAu-d_PkVVpJO-kqEMTy_SSfw9WbNYRx2rBFdeiKbU0u97M-MdEl3FpN-V16Ybsb8HeMp8xifoqpsdvoUN1dylyUdw1hgbRJdASNoDtIqhToRxGhULkR7H3O0r2blk-eAafmJICLfoa0-KPOJFFdfQCxY_On1YdW24xK4r1deD0zvH5v8J9IkSHcAyNzQT-x1g3Gy2NwC0Yk07JDrIyYbOEFz-IfiR1b7BPN10T9ywO2KnF537Tk1sI6nIzhVCeMpiICNsMsG_4mnkkemRcXmUWLgBoYY_g9WGYgWixuJ3KFwyDBIdNSwbV1Pj8jDgxECaVWqfHOcv6cJQ4DJQzEi2t2jKmMmrhhn6rHe_U5ujL2bJNsO-jCIYSisu0BhedTG4l4_V3q15A7K31nihra_ct-&xkcb=SoBD6_M3pva8y2SJaB0HbzkdCdPP&camk=UoKtGZLa3XIbqIp32CnuYw==&p=12&fvj=0&vjs=3
Desktop Support Specialists,Compugen Inc,https://ca.indeed.com/pagead/clk?mo=r&ad=-6NYlbfkN0DR4GiK6CUKhkGG-NaBlbw_pIURb9Jhix8hN__aZXgF68yK75Ij4T_ewKNygg4XR0eWR0pErVh4PTg7799idMz05G6jhBnFfDJ3Ei-He4lHzWXjjEvSJu2XlLP8hBDRUxKRt9RmGFmGr1Y4kbG62sGyq8wRz37zO9inZgc-YvA5Cu6YTc0_IKcI-NZEVtCVWOMIT_0jb-s_690OzcDzCDEjlstiKuUOANLB_9FT6Pbl4FMPnCoCAc-yfOSkBFmeKsoHT_uW6cXOmi14ITr3wz4rZSoogqeN75vnry7Tlwi3Qh_cWblfkPVmST5ao6N9CV68qCCIjc-7UAamU9vNa-fUrDff6Kd3lmPZW7HQlHcUpMtAGJj_juZ-GwI7JQ9AcfcDePImpQOmUXh0r_AJWLmDTvYdIxXRUBYgMmrURq-5VDoKVjSgl1ndRIy11igO3EU3DcFZlByQdI3iY2HzS3EZEaFn0W3-h-_bp3_0tMYCXOO3j1ybJqkmKz2lw-gDRY5rg9HoreNaPpwCqxZMtHU6mRXWhm8h_jlqKTWNmWz4f7KYdWL6TR-qRrwYiq97Wz6vVSpLULvJqRofY8hw7FO6UMLKJfwYqtbyV5OoxakrCvsykC4pld59td99DtrDcE4jaCy1zA2L68fBGqnv-vhkJONrx1nCqmHXa38Q2kD_tGbtPieWPnUygO4yz8EPpKqhASasc2Mea6wOh8gd4cpxt4CesQHoLB8=&xkcb=SoD36_M3pva8y2SJaB0GbzkdCdPP&camk=f416UQcMBpDFB8dofYKxiA==&p=13&fvj=0&vjs=3
Technicien support audivisuel,Compugen Inc,https://ca.indeed.com/pagead/clk?mo=r&ad=-6NYlbfkN0DR4GiK6CUKhkGG-NaBlbw_pIURb9Jhix8hN__aZXgF68yK75Ij4T_ewKNygg4XR0eZClYuDE3WP3TOFNPJA5Bf-7anioYRfZ7nkMJxRdQpjyuzeUYqWESMdWDQoEBatbOa3goASEy6nAC8GTzja6OR-8Q7EXJEmlJddlwiia6vVGJDuseHprZHMfF33OSVygosv-pU37VkOdfAknU6NZTNW0OcNfS3_C8ZZzTlMnEHmqAVCmFu1CjFFpJ1JnOSAb4Ula4vAVfPBunSTGrGPO7zDDEmZF4sVOIkeiTOYWEEqYyvxrCOosWdDbSp_BUdmCeaRcukTz8rj5I81aigUUC6W1moUR8SZHs5y9Sgt_94xWc1dKyANUo5exdGYpm6emdgY6L0FF0z3xU7ORQ2CawWOx4pmb2-t-8-q6rcbZBeRM58SJl4XVMUYSSBxbW-KGOa3MW-mfsiDBpyJJHoKTASgbE0ZbPw-zc_SV8IN7FwwjodMzWUiBgpVE-nwYOM5h1_hXY6u6ZAXgHoncuQr_HAYfPYxt8ltrflBOcHPcO_hIY-8_d01oorYdwf8MIi24bEFbNt27zohnTUeVLXk7yNlOWTOUMyRrKXWk5_iM1RwuWgMHURbMVZLNF11otT2HAQ8b7pb3W1HFBndQ02KGRxwvicO1WXqguTwnQkG_p4xY0tDe0z2o6HCSFKpJCEBDIay_GJcnoKKkPezmYWbXVXYTK_306a9xw=&xkcb=SoBq6_M3pva8y2SJaB0FbzkdCdPP&camk=f416UQcMBpDFB8dofYKxiA==&p=14&fvj=0&vjs=3
Site Reliability Engineer,Kyndryl,https://ca.indeed.com/pagead/clk?mo=r&ad=-6NYlbfkN0C7m68obadsLCmy0InlM7BI5kkt5AguNm46WQVdUmVC5NIVz5_Lp1AtBwQF648jnpUQmeUUQA7iN4bXHMNbqt_AThYpClEe5RnyUEivaOhld1lGzaZnFKDyhsckM6me9QVf7lt4ODz88JQAPCSq9VMvPeoisqD5P9xvGhglzGGfBIU5OmAqo317MuRR1hC_HgVM-oMis0Fg1BM_YM_E23lKnpgw4Fs0kI6z7O640IEH4gvZKMiitPpLMj3f2E31I65jLv5msgLt84uJ9BtpGcgIFBTjjb91nliV0T37dQX5IM7tKJMJkJBAOiOs8mCNtUgvGDEFTrGLPqZfM9ryY9_9SUfUORp-fqLyhI4_25VxvvrI1cDXgmxddG3AiYJCH6BW9PF5-aA3q5V_4HA7WsqJrI6A3A0EU9CkOdfThbKPHnCselblEcnY-pJ6cShlHACy9UJQ4EYukCoMULtVbTc0sf3EK7tFfO1466lqua3UN1kIwCPxQchYr4lK4ivtrhK59v2LJ_AS71KsDA5Yv6QpqaLxCxHekliQlbQxjqmc1woOHDkywavT73Xu5qHb4YMqr-aaxq3gUh-_Psnq9SJTdZ2oqkClfsgZt_ntmHe4iMuKh4cwf0L94Fw9z0k14ihtHkZcgQ-nQ2njDYAWKrv6DZmmZ3THwcQPHmrvK5L1S6zmJCMxcduS098gWONsBBY=&xkcb=SoA76_M3pva6zaWEiJ0LbzkdCdPP&camk=ethIe0s0heewaR-B1-lxHQ==&p=0&fvj=0&vjs=3
Kafka Devops Engineer,Citi,https://ca.indeed.com/pagead/clk?mo=r&ad=-6NYlbfkN0B7UYL49yWBrrOlEWIsfJu1HwdoffaEv3MPqVgUrdyA2nqMRst1XIqVmZrfbf3F7YNeiXHmePT3oi0x2mDu9j2Mb3U5mfv-D1J13GQAip7kzIJbGpnkdwkIw30tGJkG9BE9lI3DAvggfKuRWJjjH_k1vId5EHo62EMa0e6dfIXneukiHBUB6KKHYMEUKSqksWEW6TO7w1-YOA25yAGTJ8NzsX2GVsdXRfTxNNvcMSqCIxf0dzcNQQrwvgJoeODeOktHCWf3UgHbVAKamRrs_ykT8JMu9eHNDMcRIKSAbnjRJXsHG5WULrQxIQeBVRhsHmLqVCq49JzXbn8nnkjiPRSqLdP43oI_tK4a0RvWA2MYIJA7qSv_1H35fZVKugej7rR8mwwAO_QotbL8CPzBM7avUdE2px-O378znKf6sSSDlNzcYG8rfz9IFYFPKp3JCrbUg9A3hx7OSXuuOK4oor-nZpXEUUG9kbiqOLNWePEM4JDysfg5l8-YapxreUec92UR0ZGx8Gcvc0KkfYRk8zPqiXG4jZMDRZbFBlQxOI-lfSTB1rbZekTjxzhoVN-y3vS3AwOP4dMVth7BSo6JhwDCro0qEunnM0HvDzogiXD_CvTaXnhx6ikqHJoW65ldzpnFQDmeTbo2P6Qtftn-X1z3UQSW5hkk9jvc6H_LEeUuSt_zm0uAKiWANJpQP4A6ztuhYwaELULVlQfQE8aj2vJgJWDOZCtGicqTOxMa0rGBVdrnuHeMSZlcNJwRqPqb4zZdpnXKNvy0Eju4DsrFi2GehYEDAwBBKFjN8DKCLEuAYRNPbbp0AIph31JcENahHUc=&xkcb=SoCP6_M3pva6zaWEiJ0KbzkdCdPP&camk=ethIe0s0hedqJhqM-TS0aQ==&p=1&fvj=0&vjs=3
DevOps Engineer,Staples,https://ca.indeed.com/pagead/clk?mo=r&ad=-6NYlbfkN0BPvtZrPQEhwiUZzTd7bW_j3PgjlPAJyjUix1n6B7cLOsLH08R2-nmAmxqEN33ph0ksgnyQBawyop3QKH3DdkE32F2UBBsTfWLyCxnDG_m1CxFUeyLADsAVrC_nckUo6r3p4qvVRsE-g-__sR7bHW-BwV7wGHM9LxpW0_MUjTquji-4K0eQaXyM-fmAtzLIQhtxma8APpRz33QsVKNUoVEqrMQbKVDps8fT5cgQ749Z2-4BwA2Z17KLHleOtgH-uFnBE5ZcbhUeoLZPgbCwsN6Ny0LimiCDvRvVqUpxSlHF_ySWyJgeNN_vKoui35cQx9Cd2aPa6MW4fqC_IwlGukhsPT7ulpbDpmG0Fu0RAYaruhm0wU8EjKDx-FuRpNk0UEkDK_KiUDwoyM-HO3lixvpeXswQaWzjMlTmQTJ4rrX9rsIpxHSLRpFHObmtAymvt7qjlNfHoQgmuqw4KrB6uOILjIs1Q4mOD3qd-3EW0vbB2YwQKpI-PhDhK1qI5nkjCqE1hcSwhkzv36A5zUk2H9MONgVaZ_Xn-2X3RLEI0iiJdxQfsBfsdjorccfoWno0JfzKR5ZlQAo9QgmihJA1LW-RINpZCbs_MDlwBG3ZcfekYYgRhYg4AJ7aiEu2xnqbWVKx7UHdHp3Irhlxf_ge3HHSvx5LC1mrPxz_Qn-lpZkp4TDVU-ukcnFjpxHz9ghqjWKKsoTbfTed7AzfBcjjxmkSy4o28DZoKiiTWw2Aftl57A==&xkcb=SoAS6_M3pva6zaWEiJ0JbzkdCdPP&camk=ethIe0s0hecOYrZ4DqDXrg==&p=2&fvj=0&vjs=3
DevOps Engineer,Staples,https://ca.indeed.com/viewjob?jk=abcdef0123456789
DevOps/Infrastructure Engineer,RideCo,https://ca.indeed.com/pagead/clk?mo=r&ad=-6NYlbfkN0C79S2PWPfci7KvSiFroKbOjYdnoPj9fmfvq5woukslOsVTWWx8RT_s4yUpLoQty9ZgIV34qJV_K6riPJZ3M9xYHVlaH5ETPHpAprMQIiEYLi9cpat8IprHsPeN8DFh7weDXAHDtrUVnzdcflavQr5A8c-EcrTjSnwrxueYBb0qKp2DowNMBjgnVTKX20jTXH0Ulj1xtuACcmjGSZF-UYHdCmEv3aBfDJ_hHp7uXHLfqzi7DNssrDKmufPkwl3p6KoZgX2ihtQAU2L5xR4xQXE5GCyr4kts3Ru2rqRd0Q5TjnJ-IAdN51bAEMdkHKf_BLxWPixEhuMXlzRnqsMx5IwQVUtDOeCfeQhj-9G3Rxck0WhxSz_3mM0YCqWPZBY5n9ZSzE2P1MA4rf1CP6fPYr6DmYTCY84fDxaDgb-0oJ_qExgxYlkH_Vg5aVtovT1Es4DysvmG0EFyOnz3v577Oey-Q4LIgJQvW11he2qNvy041gfoQfTfn-i3axSVAnjagsuBdlk3wiKLUPrJ38m_cQuTi5aco-t4nvoBQ253YU464ulLndO6GYsmu16fiIzuAyocylZEwBfFeH6GdGE7pMBIJDP30Tq7kyyZ3m-Q8eDWxDdmM0uzXjl0tIkoENQGbr3MHlQB7tjRmMT3Q3iiXT85SJzQUmxQdLa3GKwFAn4bqg==&xkcb=SoCm6_M3pva6zaWEiJ0IbzkdCdPP&camk=UoKtGZLa3XIsUljgWYfS2w==&p=3&fvj=0&vjs=3
Principal DevOps Engineer,Snaplii,https://ca.indeed.com/pagead/clk?mo=r&ad=-6NYlbfkN0DMIIYeLBmJX0BsM8zeG0Q8kfsBrtogvSNFk4S2K9RtI83Sw00iiVJz_Ge_6m-N0a7LNi_n-SPJLZ427c9RkmdOM3itvj8UhMpGLceQ7eKyZFAL5JxGfiALVKHrCA4RY8U-zxUmmO3OMaWKoGxNdmg7l84nGBaGe9nQbIiPPS72VYscumu41I3q40ttZMbLQC2klIsbaw3U2bvkLvTB4Mo5ZJi6PbQkOqZaoNrtdhl1tInOS3NBJ_IUAAM-xjSTk6sUMjy04JkbGYVOrtR-aRu0g2rwIy8AfnfpYFYtdpphrmmBdaioJ6wTERCEheiTz1xLiF2dNCv_AXugHAg4_l99krd6WyUim8O0Lp_kj4B4JBZVn4Iv5OOQzSZ2kaO7_TTbao7o6rCAySYuiqPUmzw9TZ_wFvkLvX_kjcMFuYcyDY6KSGdFZG50yd_9sPHqc_pJMvmnp0-5qtHrZxJ2qnbvvpigGKrfPys2-Rz5nzdmyv5tsieRR0-gd2Fa0p6Y1vdVzA1douT5SQPwLjXLMIEQed47AduWhj4HMmkhhSQZEyq8u-tUSYqqlqYSijL8hIBqj1VE5acao2TCbYmxLdON9VCx2Ac8jWu3V8Qx_1lijYzsMFt7pAh8Wrf5EqZmW7hKN_RNtP_5faZTjK7ozoK9jL9HLh8S3x3D9NpDpnh6yZrsW8zs6OIVlax6G6Egdvjv6fSlGJ3WhQ==&xkcb=SoAo6_M3pva6zaWEiJ0PbzkdCdPP&camk=UoKtGZLa3XJIaSWuk3QeZA==&p=4&fvj=0&vjs=3
DevOps Engineer - 8+ years - $65.00 p/h inc. - Contract - AWS & GCP - 12 months - Toronto,CorGTA,https://ca.indeed.com/pagead/clk?mo=r&ad=-6NYlbfkN0Dkh866153otbRJ8nVMuEXnXPd315JS377__3VyD6HnNQVW60k3pONiZrB4RwVAuG9dC7_wY8H7sgSABLJ2cJ-w1d0bxE4_Lq2yQy1htiM8U6PvwhYuznkjORvGaUbJVJKZmk15fE1k_g_sDZtuEe3PfuZ2vcZfYior-l0XLTbEg9F-OntRnypbGGt8LyFUGV5t9CpK9CUfxvPWmlxHp02swbk1G9wtSReYODeRNKg5UZyEy8Ju3121PCFZY6sCDxglMkc4TByarx6hFHVw4Td7na26CaSC7DxHNGpG5sbhWFZtF4ExOSRqndBO7oMSVO6Ub2uGNp64e-LXPR_ywpw1tGVXcAq-25GcBwQs1Aw2Ha8HvpFlR7PAqGR-iP5UDeLf1hcnyPM9AjDbKDQj8ufSBF5AbYoaW8gfLEP1twkqYnBsnkwJHbQgljIYoA0anxmQftVTw474Z-il6jkGJSUi5l5ORl0XbVws4xuYk6c5NUgD6UTmn5IKst1HXsAaVW00LNkAUIDZBKu2l3plQxacBSZ-meWIxypg_K6cqLL0_zpaVoC20mfaHp4m42h22kEG9eAGnxkkVaca5sujkXmgGSbke0sqUfivI0-m-a8bJZ-yUa799ELBybJdLP8sSwKAi7Uc4qR7DcmhtfUNGW1fKs2uxYhkGWA=&xkcb=SoCc6_M3pva6zaWEiJ0ObzkdCdPP&camk=nUmJqO2E8rhq25UJX3iHDA==&p=5&fvj=0&vjs=3
Site Reliability Engineer (SRE),Tangerine,https://ca.indeed.com/pagead/clk?mo=r&ad=-6NYlbfkN0CQT23RTAjhzTZUVU71IpBGHV5Al1f5Ky2yro0CzurBn2O33iq0HRqPNbyu8l0-WTTNK7V53KvY75HDuIkYg_NVHjj_5q3dCKHAIQuwYECfNQA0n0Y0QTSOREjBqjaLmGwivNO6GLUPOYaX9GTHTwHBEmR3Wtk1xVeVic6bTD2TmMhHxLg0DUZQm6VqT_GfPBi2ehkbOsEZi04qSG_mCyGokdaM6qcs7qsZ3QwqvTwNjyQg-ma8JI5qEZkmLMBrG7SPTIuaita14Mhoezi1GWk3THR7HOqAGOJs_x1sWb1Jj_5iBDJfzx8r560621SeoW4qlY5c7L-ts1SKTuZqfc99pzpjOdVya1eO4Ux3dLPX6SaHx1TpumUO57Mn4DRFo4Az8aLmMixw83fOQwTEKDS3OAOKGOF2s3_YQWwXS6ixlFXnvN-z5tAWLqwtqpG6CDoPUv0tg20sAejUUrzfysCpj70y4RQPbrSd5WspCYRIQ75SoJWVjtA9QWtK8rbXrbXgPyDhF3xlqYSqH_05VQxUUmyNuxMDVOlAfGxatVXrwhK7H8emk83aNV5bVImeAyPYjJR0QwDpb_ASExZ5Rp5uFIqowWBLhSwmMLSfIEfzkegKYOqX3bQ8306Jn4DsaWfINdVVSjWrS9JbB6c9CvYVmXdi1kzMpG936FU1txg4tYKZia2KyyCIA6Ecl462rHMGg07Bef7Kqn7vK196En6lQF8eFMo6oOqTAImoAqx9IT2LiLNVAjsInEdbqG5tSKQZec1qQRPVz3Q1MT4bM0MmtAYGV5KXSGiKAyV5OPvbEsMySA-ut1FMqcDEc-dBNcjfTndVIZn5hwQw6sG4OmMAadkzPB5HcPljst38Jv8h6CY3eLYKzMjyN8fKBkm_tk0=&xkcb=SoAB6_M3pva6zaWEiJ0NbzkdCdPP&camk=ethIe0s0hefxcba6hxVYkw==&p=6&fvj=0&vjs=3
Lead DevOps Engineer - AWS,Mastercard,https://ca.indeed.com/pagead/clk?mo=r&ad=-6NYlbfkN0DHZwF4xK-GqC4LrtwrA-Fj46cHSMKz9HeF3HJpU5cHzvrTIV-4S24JR6O68Z6K0koiCnUsnCv1h0BGJnNc1bEvi78ELJ8aIjyvKscs5S1-jFUyODN-AXZBJLutLIIIUZdWg0YCQryz-gDd8JWgbdkq-bbPiUJeFqZvrvuzjMzOS3yv8eam7OzEiInfmVwWF7tDSuooxZKht-wrgIhfeqP3u-5riZ2RwWDuzwd48aXvzQYhU0ieS2Yh276UgEKtd_5YFDXACKNsUup6tEJVa_ZYjQciuMQ_qP74jWhYY8cpfaQOmEWdNslVqGQS3GHy8bt5SwHtY6GZkaBhqbAWJKjl5Z2mlxO1wL0oZsff96Fyd8PBWB9GxtLXRRLKLaM-EsePTVTqx6Ct5_L-0O9uD80RRLhjq1gilwOL8yM7kQiPQd4m-CIFSi2LFU4aCKEfWJwHMulL7lBOomghi5OkD4--TenpDSB06gUKNje8WD24ovD6Oi4K-7KR5I4I6Aak8BgI6uADiLjtaj-GFEOKJu6CZUvSZCVLnLNyRk7p9eJLCaexKozTSqqyvDkrzhqIaGlpo3KJI1CLTFOzUmAAtxHAXmbSnhJtInBZ0tglOvpA497NG9dHwQm3yrMMfmJ9o9dVwLlWT-hILse0LIE9cL26xgxvv-j7-9HjZZMKBsWEvQ==&xkcb=SoC16_M3pva6zaWEiJ0MbzkdCdPP&camk=UoKtGZLa3XKRsThy9dKGxw==&p=7&fvj=0&vjs=3
Sr. DevOps Specialist - Tangerine,Tangerine,https://ca.indeed.com/pagead/clk?mo=r&ad=-6NYlbfkN0CQT23RTAjhzTZUVU71IpBGHV5Al1f5Ky2yro0CzurBn2O33iq0HRqPNbyu8l0-WTSG4K9h7u6hHHQ1IsVLCZHo81Wdt1LD5YaZY0Rz1PtyvLKQ3eAY-ejrd_tK5AeMDa7qSSMi3k1KTQP4Tr3ZhEbUnobmRNzTYeMcZAdsCz1ifCzkbEDTmhQ7BpFNH5RHkzMm7l6fXhOHgcBew246QjDlCgfVS6GlSAuHJ8iy1wQ56CTRvXEk2fORkK-dDR71SfeRzg_SxSYJfVgRO0tiHQGKx0ICFZkNFDEqooLv_r02gE5lr-3xq6r5aonzL0jeP2Iq7cAaAzcWOE9nUMSc4ncG7hme9_J23vWU7q4zat5PSSaOLscg7ChPe8gVXNafxfRNUbaA8nTDlvGaWXwzyFEg34eGdW3c2iEGIadiXp0zeYF5ph8zCBJSTRze3lp4KIWvhXv6qz1tLYW3Fb2OHZcgB_D7WfNyE77jMWlsdpmnBXZDdp02NVSUy30pD_Hx_KEbMTWJ6Wx1vJJpDux420mLG2CpQ6x4-AjQMYuq7aFGtz4UtPB55bw-QJj8g0_djskBIE4AlDMCyqZZ6TCBymwfK_fUT1paOi4Eg22GyhisJofr2tXq5DChU0wwNBTP_8-Q4SwWGT0lj0hZNalUsew-HreQIy0L65nzEPbyAlYcLjlCPVboVCc19BPLGtNtFFKoHKmmec4p5TDdHtTuzxoYRahwzHrnacVwrEtbMNofmL0nnPVuiWdWAPR2svI0Wi8LKnYb0jVPD9dymKGY68YgfpLGYrY_IBcnEDMfjz-uBAB8nCk6-G65s0knLdUL_RVVRBGpxyEfov0OA_v9Ijon2SIznZL4vpUHEtj88rVMHO-e-g1J0_J3&xkcb=SoBc6_M3pva6zaWEiJ0DbzkdCdPP&camk=ethIe0s0hefxcba6hxVYkw==&p=8&fvj=0&vjs=3
DevOps Vmware Egnineer,Dacaro Software Services Inc,https://ca.indeed.com/pagead/clk?mo=r&ad=-6NYlbfkN0DHkcz6cdzeXjaMLQVPWW6GXkC0HhTEzc1zTKUDzqB5PduiV6KYLypqeRKp8-F8udaxzIIPmTe-f1vBxoT09eNZbQEyi4dbdt00ghTGUYctUNR2hPVEYqB3s4A912iXTn4ncCqjpyXmheaajtenDeib1aYLesIO3-5VzQNUHXyxACE-prj4E5Wkegl6hg4e3-rkIUhJnxX9QVadPle5dJdn5f1pXw1u9U_VUcgjC0gBlCjE4kPeuABEv9tye5SD6gfazcWjI9a-TzWOYrfzSf9SWMfxszJC7dwZ0bs2oPour0IZHR1-JYTKOD217cSybPsDJdGgtUpjqnx-68KSpDs8TVt56f1Rz6ROHBqBtrKn6IATsHdM6MmJ3zHxmnb-yF9I94bv5fkMdXuUW11QXHTFcNGS_c53naY1wf2aCqH9wfkCJroKnB9g7jXGqJrPYq7v3sWsSQu5ORyACZ2SVGLDblw4uTGPtf6eTnIOWtDDAUmRdH6moF3f7P81CqYd_p4EDCoUyUP_H5O0IboB8fb_jpPnsNp-UhVNR1il6c2ZvjRe6XY9PU4efmjVUTjoCfZMai5dBdgYcCjprsXpZVW0Ovbwv-HCse2KtFDPY40QXq4Gnw608I3W2DQ9Pp2SHkMC5nc17V95Ehmdo9MJXqghiNzfXVarooMwgy3n7B_nXMi9OGAwI5tblwGfuMRHwmU=&xkcb=SoDo6_M3pva6zaWEiJ0CbzkdCdPP&camk=UoKtGZLa3XLTG6BFS5V6fw==&p=9&fvj=0&vjs=3
DevOps Platform Support Engineer,iTMethods,https://ca.indeed.com/rc/clk?jk=f74c43470efebda6&bb=r51uGUmDLDkKBDioVIciFcm7B-vF3eaw9DmCy4Pba1NO5_5mKaCzy5lcBGPjvFSyjm4YBz6gIF6sdCG2vDP343o3KwgVSJvxypKNT8meFACXpK1EM8GJ8-CIgSjImwojdlBDL10wLr4x381EdP_u0RU0gWDeB41V&xkcb=SoCB67M3pva6zaWEiJ0BbzkdCdPP&fccid=e70e3ddb439c050b&vjs=3
AWS DevOps Engineer,Atlantis IT group,https://ca.indeed.com/rc/clk?jk=53f9064182048a11&bb=r51uGUmDLDkKBDioVIciFYhYSfANYNeJ3NGB9lo52JKA5fkPv4UwzZOL7xEtoObMalFilcuY6r2Gx2lmlPedNYWGaUE2jAP5Px_emDSz-_BK2jTsnBADPhgd4WpYq06DbsJUJ3qchpxLv9At5vRHUAP3vtzXUYwA&xkcb=SoA167M3pva6zaWEiJ0AbzkdCdPP&fccid=2009855d38d34a84&vjs=3
DevOps Engineer,Xsolla,https://ca.indeed.com/rc/clk?jk=f17793742a7a869a&bb=r51uGUmDLDkKBDioVIciFbhs02CSciy9u4BqmHIRTfEHF7JrXaRD_ckd-gQDBkS3tbNLoXLCkxQUSVeVM5ToeCTFkewvmu8jrILp-gmCeC-5AKOCWGw6yVa1tivQBfHYpejU6d8LFsN4gNYrOmg69c2tMdyGB2Le&xkcb=SoC767M3pva6zaWEiJ0HbzkdCdPP&fccid=3571128c84651b42&vjs=3
Devops Engineer,Atlantis IT group,https://ca.indeed.com/rc/clk?jk=ecf1bc11e739bc1b&bb=r51uGUmDLDkKBDioVIciFaBBw_v6-5ehr36fb8cjSvpE5qhhpGcs6M0gblBOQKfpqhw8N2JAX93hU_oBlmBJgwmx0ZpGEnjFmo6B8nNvRwQJcXWUhQY_N9-JtOjEhWB553Agm_iqlk2IhF0qw4NqdNGzZmwumrzL&xkcb=SoAP67M3pva6zaWEiJ0GbzkdCdPP&fccid=2009855d38d34a84&vjs=3
DevOps Engineer,TheAppLabb,https://ca.indeed.com/rc/clk?jk=7e903829217e50b8&bb=r51uGUmDLDkKBDioVIciFTgO-chLRiBHg-GboC0OOq847EmbttORLIVE9owmF4DZGck2NpxbVPVxUQVASsz7nJj9GmghxAVgu-C6zXIHHdHiiAeQILpoejEawzmuoqZI5MOf-NovDxbyeeG54bmJfa3ZfTYK0suM&xkcb=SoCS67M3pva6zaWEiJ0FbzkdCdPP&fccid=13b77d3b116ad8ed&vjs=3
